nome,preco,especificacoes,imagem,url
Gabinete Rise Mode Galaxy Full Glass ATX Mid Tower (Branco),"R$ 811,70
10x de R$ 81,17","Add na build
Especificações
Fabricante Rise Mode
Modelo Galaxy Full Glass
PN
RM-CA-FG-W
Tipo ATX Mid Tower
Formatos de placa-mãe suportados
ATX
Micro ATX
Mini ITX
Fonte inclusa
Potência da fonte inclusa
Painel frontal USB 3.0/3.1
Filtro removível
Janela lateral
USB 2.0 2
USB 3.0 1
Slots de expansão Full-Height 7
Slots de expansão Half-Height 0
Baia externa 5.25"" 0
Baia externa 3.5"" 0
Baia interna 3.5"" 2
Baia interna 2.5"" 3
Tamanho máximo da placa de vídeo 400 mm
Dimensões 418 x 277 x 440 mm
Volume 50.9 litros
Peso
Cor Branco
Cor do LED RGB
Preços
Loja Frete Preço Preço PIX
R$ 811,70
10x de R$ 81,17 R$ 689,99
Comprar

Ir à loja
* Os preços e a disponibilidade dos produtos estão corretos na data/horário indicados e poderão sofrer alterações. Quaisquer informações de preço e disponibilidade exibidas na Amazon.com.br no momento da compra serão aplicáveis à compra desse produto.
* Podemos receber comissões por compras feitas em lojas participantes vinculadas neste site. Estas comissões não afetam os produtos ou preços exibidos, nem a ordem dos preços listados. Saiba mais aqui.
Está caro? Nós te avisamos quando baixar
Quanto gostaria de pagar? (preço PIX)
R$
Criar alerta
* Não enviamos nenhum alerta de preço para produtos da Amazon.
Histórico de preços
* Os preços da Amazon não estão incluídos no gráfico de histórico de preços.
Comentários
Comentar
Nenhum comentário ainda, seja o primeiro!",https://static.meupc.net/produto/gabinete-rise-mode-galaxy-full-glass-rm-ca-fg-w-z2q4qT-L.jpg,https://meupc.net/peca/YG4hri/gabinete-rise-mode-galaxy-full-glass-rm-ca-fg-w
Gabinete Redragon Wideload Pro ATX Mid Tower (Preto),"R$ 494,00
12x de R$ 41,17","Add na build
Especificações
Fabricante Redragon
Modelo Wideload Pro
PN
CA-604B-PRO
Tipo ATX Mid Tower
Formatos de placa-mãe suportados
ATX
Micro ATX
Mini ITX
Fonte inclusa
Potência da fonte inclusa
Painel frontal USB 3.0/3.1
Filtro removível
Janela lateral
USB 2.0 1
USB 3.0 1
Slots de expansão Full-Height 6
Slots de expansão Half-Height 0
Baia externa 5.25"" 0
Baia externa 3.5"" 0
Baia interna 3.5"" 2
Baia interna 2.5"" 2
Tamanho máximo da placa de vídeo 370 mm
Dimensões 428 x 308 x 395 mm
Volume 52.1 litros
Peso
Cor Preto
Cor do LED
Preços
Loja Frete Preço Preço PIX
R$ 494,00
12x de R$ 41,17 R$ 419,90
Comprar
R$ 588,22
12x de R$ 49,02 R$ 499,99
Comprar

Ir à loja

Ir à loja

Ir à loja
* Os preços e a disponibilidade dos produtos estão corretos na data/horário indicados e poderão sofrer alterações. Quaisquer informações de preço e disponibilidade exibidas na Amazon.com.br no momento da compra serão aplicáveis à compra desse produto.
* Podemos receber comissões por compras feitas em lojas participantes vinculadas neste site. Estas comissões não afetam os produtos ou preços exibidos, nem a ordem dos preços listados. Saiba mais aqui.
Está caro? Nós te avisamos quando baixar
Quanto gostaria de pagar? (preço PIX)
R$
Criar alerta
* Não enviamos nenhum alerta de preço para produtos da Amazon.
Histórico de preços
* Os preços da Amazon não estão incluídos no gráfico de histórico de preços.
Comentários
Comentar
Gugudada6561427 · há 5 meses
tem suporte pra quantas fans
[2] Curtir
Responder
kauan546685 · há 5 meses (editado)
6 fans, mas se for colocar air cooler, da para colocar 9
[1] Curtir
Responder
KronoZ_exe · há 5 meses
10
[1] Curtir
Responder
Koyomi · há 4 meses
ele funciona com placa mae btf ?
[2] Curtir
Responder
Alho_san · há 3 meses
Tem que comprar fans adicionais ou já vem junto ?
[1] Curtir
Responder
Miguelcaza_ · há 2 meses
tem que comprar
[1] Curtir
Responder",https://meupc.net/images/publi/enifler-970x90.png?v=469876829220386552,https://meupc.net/peca/XN755k/gabinete-redragon-wideload-pro-ca604bpro
Gabinete Kalkan Avalon Pro ATX Mid Tower (Preto),"R$ 211,65
10x de R$ 21,17","Add na build
Especificações
Fabricante Kalkan
Modelo Avalon Pro
PN
KLK00037
Tipo ATX Mid Tower
Formatos de placa-mãe suportados
ATX
Micro ATX
Mini ITX
Fonte inclusa
Potência da fonte inclusa
Painel frontal USB 3.0/3.1
Filtro removível
Janela lateral
USB 2.0 2
USB 3.0 1
Slots de expansão Full-Height 7
Slots de expansão Half-Height 0
Baia externa 5.25"" 0
Baia externa 3.5"" 0
Baia interna 3.5"" 1
Baia interna 2.5"" 3
Tamanho máximo da placa de vídeo 315 mm
Dimensões 420 x 212 x 333 mm
Volume 29.7 litros
Peso
Cor Preto
Cor do LED
Preços
Loja Frete Preço Preço PIX
R$ 211,65
10x de R$ 21,17 R$ 179,90
Comprar
R$ 266,50
10x de R$ 26,65 R$ 239,90
Comprar
Grátis R$ 327,15
1x de R$ 327,15 R$ 327,15
Comprar
* Os preços e a disponibilidade dos produtos estão corretos na data/horário indicados e poderão sofrer alterações. Quaisquer informações de preço e disponibilidade exibidas na Amazon.com.br no momento da compra serão aplicáveis à compra desse produto.
* Podemos receber comissões por compras feitas em lojas participantes vinculadas neste site. Estas comissões não afetam os produtos ou preços exibidos, nem a ordem dos preços listados. Saiba mais aqui.
Está caro? Nós te avisamos quando baixar
Quanto gostaria de pagar? (preço PIX)
R$
Criar alerta
* Não enviamos nenhum alerta de preço para produtos da Amazon.
Histórico de preços
* Os preços da Amazon não estão incluídos no gráfico de histórico de preços.
Comentários
Comentar
Nenhum comentário ainda, seja o primeiro!",https://meupc.net/images/publi/enifler-970x90.png?v=469876829220386552,https://meupc.net/peca/zjwfFA/gabinete-kalkan-avalon-pro-klk00037
Gabinete C3 Tech Aquarius MicroATX Mini Tower (Branco),"R$ 294,10
10x de R$ 29,41","Add na build
Especificações
Fabricante C3 Tech
Modelo Aquarius
PN
MT-G810WH
Tipo MicroATX Mini Tower
Formatos de placa-mãe suportados
Micro ATX
Mini ITX
Fonte inclusa
Potência da fonte inclusa
Painel frontal USB 3.0/3.1
Filtro removível
Janela lateral
USB 2.0 1
USB 3.0 1
USB 3.0 Type-C 1
Slots de expansão Full-Height 4
Slots de expansão Half-Height 0
Baia externa 5.25"" 0
Baia externa 3.5"" 0
Baia interna 3.5"" 2
Baia interna 2.5"" 2
Tamanho máximo da placa de vídeo 330 mm
Dimensões 339 x 276 x 330 mm
Volume 30.9 litros
Peso
Cor Branco
Cor do LED RGB
Preços
Loja Frete Preço Preço PIX
R$ 294,10
10x de R$ 29,41 R$ 249,99
Comprar
Grátis R$ 273,00
1x de R$ 273,00 R$ 273,00
Comprar
R$ 314,91
1x de R$ 314,91 R$ 314,91
(Última atualização há 2 h)
Comprar

Ir à loja

Ir à loja
* Os preços e a disponibilidade dos produtos estão corretos na data/horário indicados e poderão sofrer alterações. Quaisquer informações de preço e disponibilidade exibidas na Amazon.com.br no momento da compra serão aplicáveis à compra desse produto.
* Podemos receber comissões por compras feitas em lojas participantes vinculadas neste site. Estas comissões não afetam os produtos ou preços exibidos, nem a ordem dos preços listados. Saiba mais aqui.
Está caro? Nós te avisamos quando baixar
Quanto gostaria de pagar? (preço PIX)
R$
Criar alerta
* Não enviamos nenhum alerta de preço para produtos da Amazon.
Histórico de preços
* Os preços da Amazon não estão incluídos no gráfico de histórico de preços.
Comentários
Comentar
hecktor · há 6 meses
vem com fans?
[3] Curtir
Responder
Lucasmor123 · mês passado
vem sem fan
[1] Curtir
Responder
pcmaker489 · mês passado
Acompanha fans ?
[1] Curtir
Responder",https://meupc.net/images/publi/enifler-970x90.png?v=469876829220386552,https://meupc.net/peca/nV35iA/gabinete-c3-tech-aquarius-mtg810wh
Gabinete Rise Mode Galaxy Glass M Mini MicroATX Mini Tower (Preto),"Último menor preço praticado: R$ 352,90 (R$ 299,99 no PIX) em 27/06/2025 por Kabum.","Add na build
Especificações
Fabricante Rise Mode
Modelo Galaxy Glass M Mini
PN
RM-GA-GGMN-FB
Tipo MicroATX Mini Tower
Formatos de placa-mãe suportados
Micro ATX
Mini ITX
Fonte inclusa
Potência da fonte inclusa
Painel frontal USB 3.0/3.1
Filtro removível
Janela lateral
USB 2.0 2
USB 3.0 1
Slots de expansão Full-Height 4
Slots de expansão Half-Height 0
Baia externa 5.25"" 0
Baia externa 3.5"" 0
Baia interna 3.5"" 1
Baia interna 2.5"" 2
Tamanho máximo da placa de vídeo 340 mm
Dimensões 358 x 275 x 360 mm
Volume 35.4 litros
Peso
Cor Preto
Cor do LED RGB
Preços
Produto indisponível atualmente
Último menor preço praticado: R$ 352,90 (R$ 299,99 no PIX) em 27/06/2025 por Kabum.
Loja Frete Preço Preço PIX

Ir à loja

Ir à loja

Ir à loja
* Os preços e a disponibilidade dos produtos estão corretos na data/horário indicados e poderão sofrer alterações. Quaisquer informações de preço e disponibilidade exibidas na Amazon.com.br no momento da compra serão aplicáveis à compra desse produto.
* Podemos receber comissões por compras feitas em lojas participantes vinculadas neste site. Estas comissões não afetam os produtos ou preços exibidos, nem a ordem dos preços listados. Saiba mais aqui.
Nós te avisamos quando voltarem os estoques
Quanto gostaria de pagar? (preço PIX)
R$
Criar alerta
* Não enviamos nenhum alerta de preço para produtos da Amazon.
Histórico de preços
* Os preços da Amazon não estão incluídos no gráfico de histórico de preços.
Comentários
Comentar
e_martiinsx · há 6 meses
Na minha build diz que meu WC de 120mm não é compativel com esse gabinete porque o diametro do radiador é grande, procede ou cabe?
[1] Curtir
Responder
capi · há 4 meses
deve ser o lugar dos parafuso do gabinet q n chega no diametro do seu wc de 120cm
[1] Curtir
Responder
VictorHugo001 · há 7 meses
Ao montar essa configuração no site, consta que o gabinete não suporta WC de 240mm. Não suporta mesmo? Não consegui informação alguma no site da fabricante em relação à isso, apenas a quantidade de ventoinhas suportadas.
[1] Curtir
Responder
diegoslvr · há 7 meses (editado)
Suporta WC de 240mm na parte superior, na lateral vai depender do formato da placa-mãe.
[1] Curtir
Responder
lord_ch2012 · há 7 meses
as vent vem junto com o gabinete??? e se vir elas sao alteraveis??
[1] Curtir
Responder
diegoslvr · há 7 meses
O gabinete não acompanha as fans. Só comprando a parte.
[2] Curtir
Responder
giovanni_7 · há 4 meses
qual o nome das fans que estao no gabinete?
[0] Curtir
Responder",https://static.meupc.net/produto/gabinete-rise-mode-galaxy-glass-m-mini-rmgaggmnfb-5h4xGv-L.jpg,https://meupc.net/peca/baF42G/gabinete-rise-mode-galaxy-glass-m-mini-rmgaggmnfb
Gabinete Mancer Narok ATX Mid Tower (Preto),"R$ 294,11
12x de R$ 24,51","Add na build
Especificações
Fabricante Mancer
Modelo Narok
PN
MCR-NRK-RGB01
Tipo ATX Mid Tower
Formatos de placa-mãe suportados
ATX
Micro ATX
Mini ITX
Fonte inclusa
Potência da fonte inclusa
Painel frontal USB 3.0/3.1
Filtro removível
Janela lateral
Slots de expansão Full-Height 7
Slots de expansão Half-Height 0
Baia externa 5.25"" 0
Baia externa 3.5"" 0
Baia interna 3.5"" 2
Baia interna 2.5"" 2
Tamanho máximo da placa de vídeo 280 mm
Dimensões 350 x 200 x 475 mm
Volume 33.3 litros
Peso
Cor Preto
Cor do LED RGB
Preços
Loja Frete Preço Preço PIX
R$ 294,11
12x de R$ 24,51 R$ 249,99
Comprar
R$ 293,90
1x de R$ 293,90 R$ 293,90
(Última atualização há 2 h)
Comprar
* Os preços e a disponibilidade dos produtos estão corretos na data/horário indicados e poderão sofrer alterações. Quaisquer informações de preço e disponibilidade exibidas na Amazon.com.br no momento da compra serão aplicáveis à compra desse produto.
* Podemos receber comissões por compras feitas em lojas participantes vinculadas neste site. Estas comissões não afetam os produtos ou preços exibidos, nem a ordem dos preços listados. Saiba mais aqui.
Está caro? Nós te avisamos quando baixar
Quanto gostaria de pagar? (preço PIX)
R$
Criar alerta
* Não enviamos nenhum alerta de preço para produtos da Amazon.
Histórico de preços
* Os preços da Amazon não estão incluídos no gráfico de histórico de preços.
Comentários
Comentar
matheusrosadc21 · há 2 anos
Ola, Gostaria de Tirar Uma duvida, Estas fans Sao Inclusas?
[2] Curtir
Responder
Welin · ano passado
sim
[1] Curtir
Responder
brunolp · há 2 anos
Em algumas lojas vendem com ou sem as fãs. Tem que olhar no anuncio.
[1] Curtir
Responder
bentoso020 · há 2 anos
eles estao dizendo no site da pichau que vem com as fans
[1] Curtir
Responder
andre_luiz · há 2 anos
quantos? 3 ou 4??
[1] Curtir
Responder
Welin · ano passado
3
[1] Curtir
Responder",https://meupc.net/images/publi/enifler-970x90.png?v=469876829220386552,https://meupc.net/peca/4c9rXe/gabinete-mancer-gamer-narok-mcrnrkrgb01
Gabinete Rise Mode X1 Black ATX Mini Tower (Preto),"R$ 94,11
3x de R$ 31,37","Add na build
Especificações
Fabricante Rise Mode
Modelo X1 Black
PN
RM-GA-OFX1-FB
Tipo ATX Mini Tower
Formatos de placa-mãe suportados
Micro ATX
Mini ITX
Fonte inclusa
Potência da fonte inclusa
Painel frontal USB 3.0/3.1
Filtro removível
Janela lateral
USB 2.0 1
USB 3.0 1
Slots de expansão Full-Height 4
Slots de expansão Half-Height 0
Baia externa 5.25"" 0
Baia externa 3.5"" 0
Baia interna 3.5"" 2
Baia interna 2.5"" 3
Tamanho máximo da placa de vídeo
Dimensões 315 x 170 x 350 mm
Volume 18.7 litros
Peso
Cor Preto
Cor do LED RGB
Preços
Loja Frete Preço Preço PIX
R$ 94,11
3x de R$ 31,37 R$ 79,99
Comprar
Grátis R$ 158,75
1x de R$ 158,75 R$ 158,75
Comprar
* Os preços e a disponibilidade dos produtos estão corretos na data/horário indicados e poderão sofrer alterações. Quaisquer informações de preço e disponibilidade exibidas na Amazon.com.br no momento da compra serão aplicáveis à compra desse produto.
* Podemos receber comissões por compras feitas em lojas participantes vinculadas neste site. Estas comissões não afetam os produtos ou preços exibidos, nem a ordem dos preços listados. Saiba mais aqui.
Está caro? Nós te avisamos quando baixar
Quanto gostaria de pagar? (preço PIX)
R$
Criar alerta
* Não enviamos nenhum alerta de preço para produtos da Amazon.
Histórico de preços
* Os preços da Amazon não estão incluídos no gráfico de histórico de preços.
Comentários
Comentar
Nenhum comentário ainda, seja o primeiro!",https://meupc.net/images/publi/enifler-970x90.png?v=469876829220386552,https://meupc.net/peca/GSexSF/gabinete-rise-mode-x1-black-rm-ga-ofx1-fb
Gabinete Rise Mode Wave ATX Mid Tower (Preto),"R$ 235,26
9x de R$ 26,14","Add na build
Especificações
Fabricante Rise Mode
Modelo Wave
PN
RM-WA-FB-ARGB
Tipo ATX Mid Tower
Formatos de placa-mãe suportados
ATX
Micro ATX
Mini ITX
Fonte inclusa
Potência da fonte inclusa
Painel frontal USB 3.0/3.1
Filtro removível
Janela lateral
USB 2.0 1
USB 3.0 1
Slots de expansão Full-Height 7
Slots de expansão Half-Height 0
Baia externa 5.25"" 0
Baia externa 3.5"" 0
Baia interna 3.5"" 2
Baia interna 2.5"" 3
Tamanho máximo da placa de vídeo 320 mm
Dimensões 360 x 200 x 456 mm
Volume 32.8 litros
Peso
Cor Preto
Cor do LED RGB
Preços
Loja Frete Preço Preço PIX
R$ 235,26
9x de R$ 26,14 R$ 199,99
Comprar
* Os preços e a disponibilidade dos produtos estão corretos na data/horário indicados e poderão sofrer alterações. Quaisquer informações de preço e disponibilidade exibidas na Amazon.com.br no momento da compra serão aplicáveis à compra desse produto.
* Podemos receber comissões por compras feitas em lojas participantes vinculadas neste site. Estas comissões não afetam os produtos ou preços exibidos, nem a ordem dos preços listados. Saiba mais aqui.
Está caro? Nós te avisamos quando baixar
Quanto gostaria de pagar? (preço PIX)
R$
Criar alerta
* Não enviamos nenhum alerta de preço para produtos da Amazon.
Histórico de preços
* Os preços da Amazon não estão incluídos no gráfico de histórico de preços.
Comentários
Comentar
natan602 · há 4 meses
compença?
[1] Curtir
Responder
ArthurS · há 3 meses
Compençar não sei... Mas acho que compensa
[1] Curtir
Responder",https://meupc.net/images/publi/enifler-970x90.png?v=469876829220386552,https://meupc.net/peca/UZo4I6/gabinete-rise-mode-wave-rmwafbargb
Gabinete Rise Mode Galaxy Glass M Mini MicroATX Mini Tower (Branco),"R$ 388,20
10x de R$ 38,82","Add na build
Especificações
Fabricante Rise Mode
Modelo Galaxy Glass M Mini
PN
RM-GA-GGMN-FW
Tipo MicroATX Mini Tower
Formatos de placa-mãe suportados
Micro ATX
Mini ITX
Fonte inclusa
Potência da fonte inclusa
Painel frontal USB 3.0/3.1
Filtro removível
Janela lateral
USB 2.0 2
USB 3.0 1
Slots de expansão Full-Height 4
Slots de expansão Half-Height 0
Baia externa 5.25"" 0
Baia externa 3.5"" 0
Baia interna 3.5"" 1
Baia interna 2.5"" 2
Tamanho máximo da placa de vídeo 340 mm
Dimensões 358 x 275 x 360 mm
Volume 35.4 litros
Peso
Cor Branco
Cor do LED RGB
Preços
Loja Frete Preço Preço PIX
R$ 388,20
10x de R$ 38,82 R$ 329,99
Comprar

Ir à loja

Ir à loja
* Os preços e a disponibilidade dos produtos estão corretos na data/horário indicados e poderão sofrer alterações. Quaisquer informações de preço e disponibilidade exibidas na Amazon.com.br no momento da compra serão aplicáveis à compra desse produto.
* Podemos receber comissões por compras feitas em lojas participantes vinculadas neste site. Estas comissões não afetam os produtos ou preços exibidos, nem a ordem dos preços listados. Saiba mais aqui.
Está caro? Nós te avisamos quando baixar
Quanto gostaria de pagar? (preço PIX)
R$
Criar alerta
* Não enviamos nenhum alerta de preço para produtos da Amazon.
Histórico de preços
* Os preços da Amazon não estão incluídos no gráfico de histórico de preços.
Comentários
Comentar
Nenhum comentário ainda, seja o primeiro!",https://meupc.net/images/publi/enifler-970x90.png?v=469876829220386552,https://meupc.net/peca/L4s63s/gabinete-rise-mode-galaxy-glass-m-mini-rmgaggmnfw
Gabinete C3 Tech Aquarius MicroATX Mini Tower (Preto),"R$ 282,30
10x de R$ 28,23","Add na build
Especificações
Fabricante C3 Tech
Modelo Aquarius
PN
MT-G810BK
Tipo MicroATX Mini Tower
Formatos de placa-mãe suportados
Micro ATX
Mini ITX
Fonte inclusa
Potência da fonte inclusa
Painel frontal USB 3.0/3.1
Filtro removível
Janela lateral
USB 2.0 1
USB 3.0 1
USB 3.0 Type-C 1
Slots de expansão Full-Height 4
Slots de expansão Half-Height 0
Baia externa 5.25"" 0
Baia externa 3.5"" 0
Baia interna 3.5"" 2
Baia interna 2.5"" 2
Tamanho máximo da placa de vídeo 330 mm
Dimensões 339 x 276 x 330 mm
Volume 30.9 litros
Peso
Cor Preto
Cor do LED RGB
Preços
Loja Frete Preço Preço PIX
R$ 282,30
10x de R$ 28,23 R$ 239,99
Comprar
R$ 257,05
1x de R$ 257,05 R$ 257,05
(Última atualização há 2 h)
Comprar
R$ 329,00
12x de R$ 27,42 R$ 279,65
Comprar

Ir à loja

Ir à loja
* Os preços e a disponibilidade dos produtos estão corretos na data/horário indicados e poderão sofrer alterações. Quaisquer informações de preço e disponibilidade exibidas na Amazon.com.br no momento da compra serão aplicáveis à compra desse produto.
* Podemos receber comissões por compras feitas em lojas participantes vinculadas neste site. Estas comissões não afetam os produtos ou preços exibidos, nem a ordem dos preços listados. Saiba mais aqui.
Está caro? Nós te avisamos quando baixar
Quanto gostaria de pagar? (preço PIX)
R$
Criar alerta
* Não enviamos nenhum alerta de preço para produtos da Amazon.
Histórico de preços
* Os preços da Amazon não estão incluídos no gráfico de histórico de preços.
Comentários
Comentar
pelo · há 5 meses
cabe um water coller de 240mm?
[1] Curtir
Responder",https://static.meupc.net/produto/gabinete-c3-tech-aquarius-mtg810bk-AW8i4o-L.jpg,https://meupc.net/peca/bjy45B/gabinete-c3-tech-aquarius-mtg810bk
Gabinete Montech AIR 100 ARGB MicroATX Mini Tower (Preto),"R$ 388,12
12x de R$ 32,34","Add na build
Especificações
Fabricante Montech
Modelo AIR 100 ARGB
PN
AIR 100 ARGB
Tipo MicroATX Mini Tower
Formatos de placa-mãe suportados
Micro ATX
Mini ITX
Fonte inclusa
Potência da fonte inclusa
Painel frontal USB 3.0/3.1
Filtro removível
Janela lateral
USB 2.0 1
USB 3.0 2
Slots de expansão Full-Height 4
Slots de expansão Half-Height 0
Baia externa 5.25"" 0
Baia externa 3.5"" 0
Baia interna 3.5"" 2
Baia interna 2.5"" 2
Tamanho máximo da placa de vídeo 330 mm
Dimensões 405 x 210 x 425 mm
Volume 36.1 litros
Peso 7.8 kg
Cor Preto
Cor do LED RGB
Preços
Loja Frete Preço Preço PIX
R$ 388,12
12x de R$ 32,34 R$ 329,90
Comprar
Grátis R$ 388,90
1x de R$ 388,90 R$ 388,90
Comprar

Ir à loja
* Os preços e a disponibilidade dos produtos estão corretos na data/horário indicados e poderão sofrer alterações. Quaisquer informações de preço e disponibilidade exibidas na Amazon.com.br no momento da compra serão aplicáveis à compra desse produto.
* Podemos receber comissões por compras feitas em lojas participantes vinculadas neste site. Estas comissões não afetam os produtos ou preços exibidos, nem a ordem dos preços listados. Saiba mais aqui.
Está caro? Nós te avisamos quando baixar
Quanto gostaria de pagar? (preço PIX)
R$
Criar alerta
* Não enviamos nenhum alerta de preço para produtos da Amazon.
Histórico de preços
* Os preços da Amazon não estão incluídos no gráfico de histórico de preços.
Comentários
Comentar
Nenhum comentário ainda, seja o primeiro!",https://meupc.net/images/publi/enifler-970x90.png?v=469876829220386552,https://meupc.net/peca/Hz6577/gabinete-montech-air-100-argb-air100argb
Gabinete Rise Mode Galaxy Glass ATX Mid Tower (Branco),"R$ 272,70
10x de R$ 27,27","Add na build
Especificações
Fabricante Rise Mode
Modelo Galaxy Glass
PN
RM-WT-06X-FW
Tipo ATX Mid Tower
Formatos de placa-mãe suportados
ATX
Micro ATX
Mini ITX
Fonte inclusa
Potência da fonte inclusa
Painel frontal USB 3.0/3.1
Filtro removível
Janela lateral
USB 2.0 1
USB 3.0 1
Slots de expansão Full-Height 7
Slots de expansão Half-Height 0
Baia externa 5.25"" 0
Baia externa 3.5"" 0
Baia interna 3.5"" 2
Baia interna 2.5"" 3
Tamanho máximo da placa de vídeo 310 mm
Dimensões 365 x 200 x 455 mm
Volume 33.2 litros
Peso 6.8 kg
Cor Branco
Cor do LED RGB
Preços
Loja Frete Preço Preço PIX
R$ 272,70
10x de R$ 27,27 R$ 239,99
Comprar

Ir à loja
* Os preços e a disponibilidade dos produtos estão corretos na data/horário indicados e poderão sofrer alterações. Quaisquer informações de preço e disponibilidade exibidas na Amazon.com.br no momento da compra serão aplicáveis à compra desse produto.
* Podemos receber comissões por compras feitas em lojas participantes vinculadas neste site. Estas comissões não afetam os produtos ou preços exibidos, nem a ordem dos preços listados. Saiba mais aqui.
Está caro? Nós te avisamos quando baixar
Quanto gostaria de pagar? (preço PIX)
R$
Criar alerta
* Não enviamos nenhum alerta de preço para produtos da Amazon.
Histórico de preços
* Os preços da Amazon não estão incluídos no gráfico de histórico de preços.
Comentários
Comentar
Nenhum comentário ainda, seja o primeiro!",https://static.meupc.net/produto/gabinete-rise-mode-galaxy-glass-rmwt06xfw-nxuy23-L.jpg,https://meupc.net/peca/Swr3U9/gabinete-rise-mode-galaxy-glass-rmwt06xfw
Gabinete Rise Mode Galaxy Glass Standard ATX Mid Tower (Branco),"R$ 588,20
10x de R$ 58,82","Add na build
Especificações
Fabricante Rise Mode
Modelo Galaxy Glass Standard
PN
RM-GA-GGST-FW
Tipo ATX Mid Tower
Formatos de placa-mãe suportados
ATX
Micro ATX
Mini ITX
Fonte inclusa
Potência da fonte inclusa
Painel frontal USB 3.0/3.1
Filtro removível
Janela lateral
USB 2.0 2
USB 3.0 / 3.1 Gen1 1
Slots de expansão Full-Height 7
Slots de expansão Half-Height 0
Baia externa 5.25"" 0
Baia externa 3.5"" 0
Baia interna 3.5"" 1
Baia interna 2.5"" 2
Tamanho máximo da placa de vídeo 390 mm
Dimensões 420 x 272 x 399 mm
Volume 45.6 litros
Peso 9.2 kg
Cor Branco
Cor do LED RGB
Preços
Loja Frete Preço Preço PIX
R$ 588,20
10x de R$ 58,82 R$ 499,99
Comprar

Ir à loja
* Os preços e a disponibilidade dos produtos estão corretos na data/horário indicados e poderão sofrer alterações. Quaisquer informações de preço e disponibilidade exibidas na Amazon.com.br no momento da compra serão aplicáveis à compra desse produto.
* Podemos receber comissões por compras feitas em lojas participantes vinculadas neste site. Estas comissões não afetam os produtos ou preços exibidos, nem a ordem dos preços listados. Saiba mais aqui.
Está caro? Nós te avisamos quando baixar
Quanto gostaria de pagar? (preço PIX)
R$
Criar alerta
* Não enviamos nenhum alerta de preço para produtos da Amazon.
Histórico de preços
* Os preços da Amazon não estão incluídos no gráfico de histórico de preços.
Comentários
Comentar
joao_eduardo1 · há 5 meses (editado)
Acompanha as fans?
[1] Curtir
Responder
Buranko · há 5 meses
Não, só o gabinete limpo e seco
[1] Curtir
Responder",https://meupc.net/images/publi/enifler-970x90.png?v=469876829220386552,https://meupc.net/peca/xs3RS7/gabinete-rise-mode-galaxy-glass-standard-rmgaggstfw
Gabinete Redragon Wideload Lite ATX Mid Tower (Branco),"R$ 411,70
10x de R$ 41,17","Add na build
Especificações
Fabricante Redragon
Modelo Wideload Lite
PN
CA-604W
Tipo ATX Mid Tower
Formatos de placa-mãe suportados
ATX
Micro ATX
Fonte inclusa
Potência da fonte inclusa
Painel frontal USB 3.0/3.1
Filtro removível
Janela lateral
USB 2.0 1
USB 3.0 1
Slots de expansão Full-Height 6
Slots de expansão Half-Height 0
Baia externa 5.25"" 0
Baia externa 3.5"" 0
Baia interna 3.5"" 2
Baia interna 2.5"" 2
Tamanho máximo da placa de vídeo 395 mm
Dimensões 446 x 378 x 514 mm
Volume 86.7 litros
Peso
Cor Branco
Cor do LED
Preços
Loja Frete Preço Preço PIX
R$ 411,70
10x de R$ 41,17 R$ 349,99
Comprar
Grátis R$ 763,16
1x de R$ 763,16 R$ 763,16
Comprar

Ir à loja

Ir à loja
* Os preços e a disponibilidade dos produtos estão corretos na data/horário indicados e poderão sofrer alterações. Quaisquer informações de preço e disponibilidade exibidas na Amazon.com.br no momento da compra serão aplicáveis à compra desse produto.
* Podemos receber comissões por compras feitas em lojas participantes vinculadas neste site. Estas comissões não afetam os produtos ou preços exibidos, nem a ordem dos preços listados. Saiba mais aqui.
Está caro? Nós te avisamos quando baixar
Quanto gostaria de pagar? (preço PIX)
R$
Criar alerta
* Não enviamos nenhum alerta de preço para produtos da Amazon.
Histórico de preços
* Os preços da Amazon não estão incluídos no gráfico de histórico de preços.
Comentários
Comentar
Nenhum comentário ainda, seja o primeiro!",https://meupc.net/images/publi/enifler-970x90.png?v=469876829220386552,https://meupc.net/peca/SE87CA/gabinete-redragon-wideload-lite-ca604w
Gabinete Redragon Wideload Extreme ATX Mid Tower (Preto),"R$ 941,06
12x de R$ 78,42","Add na build
Especificações
Fabricante Redragon
Modelo Wideload Extreme
PN
CA-605B
Tipo ATX Mid Tower
Formatos de placa-mãe suportados
ATX
Micro ATX
Mini ITX
Fonte inclusa
Potência da fonte inclusa
Painel frontal USB 3.0/3.1
Filtro removível
Janela lateral
USB 2.0 1
USB 3.0 1
Slots de expansão Full-Height 6
Slots de expansão Half-Height 0
Baia externa 5.25"" 0
Baia externa 3.5"" 0
Baia interna 3.5"" 2
Baia interna 2.5"" 2
Tamanho máximo da placa de vídeo 400 mm
Dimensões 450 x 295 x 390 mm
Volume 51.8 litros
Peso
Cor Preto
Cor do LED RGB
Preços
Loja Frete Preço Preço PIX
R$ 941,06
12x de R$ 78,42 R$ 799,90
Comprar
R$ 833,75
1x de R$ 833,75 R$ 833,75
(Última atualização há 2 h)
Comprar

Ir à loja

Ir à loja

Ir à loja
* Os preços e a disponibilidade dos produtos estão corretos na data/horário indicados e poderão sofrer alterações. Quaisquer informações de preço e disponibilidade exibidas na Amazon.com.br no momento da compra serão aplicáveis à compra desse produto.
* Podemos receber comissões por compras feitas em lojas participantes vinculadas neste site. Estas comissões não afetam os produtos ou preços exibidos, nem a ordem dos preços listados. Saiba mais aqui.
Está caro? Nós te avisamos quando baixar
Quanto gostaria de pagar? (preço PIX)
R$
Criar alerta
* Não enviamos nenhum alerta de preço para produtos da Amazon.
Histórico de preços
* Os preços da Amazon não estão incluídos no gráfico de histórico de preços.
Comentários
Comentar
Nenhum comentário ainda, seja o primeiro!",https://static.meupc.net/produto/gabinete-redragon-wideload-extreme-ca605b-wm8UX8-L.jpg,https://meupc.net/peca/PKLt59/gabinete-redragon-wideload-extreme-ca605b
Gabinete PCYes Forcefield MicroATX Mid Tower (Preto),"R$ 299,90
1x de R$ 299,90","Add na build
Especificações
Fabricante PCYes
Modelo Forcefield
PN
GFFBVP
Tipo MicroATX Mid Tower
Formatos de placa-mãe suportados
Micro ATX
Mini ITX
Fonte inclusa
Potência da fonte inclusa
Painel frontal USB 3.0/3.1
Filtro removível
Janela lateral
USB 2.0 2
USB 3.0 1
Slots de expansão Full-Height 5
Slots de expansão Half-Height 0
Baia externa 5.25"" 0
Baia externa 3.5"" 0
Baia interna 3.5"" 1
Baia interna 2.5"" 1
Tamanho máximo da placa de vídeo 360 mm
Dimensões 385 x 275 x 365 mm
Volume 38.6 litros
Peso
Cor Preto
Cor do LED RGB
Preços
Loja Frete Preço Preço PIX
R$ 299,90
1x de R$ 299,90 R$ 299,90
(Última atualização há 2 h)
Comprar
R$ 364,60
10x de R$ 36,46 R$ 309,99
Comprar

Ir à loja

Ir à loja
* Os preços e a disponibilidade dos produtos estão corretos na data/horário indicados e poderão sofrer alterações. Quaisquer informações de preço e disponibilidade exibidas na Amazon.com.br no momento da compra serão aplicáveis à compra desse produto.
* Podemos receber comissões por compras feitas em lojas participantes vinculadas neste site. Estas comissões não afetam os produtos ou preços exibidos, nem a ordem dos preços listados. Saiba mais aqui.
Está caro? Nós te avisamos quando baixar
Quanto gostaria de pagar? (preço PIX)
R$
Criar alerta
* Não enviamos nenhum alerta de preço para produtos da Amazon.
Histórico de preços
* Os preços da Amazon não estão incluídos no gráfico de histórico de preços.
Comentários
Comentar
Nenhum comentário ainda, seja o primeiro!",https://meupc.net/images/publi/enifler-970x90.png?v=469876829220386552,https://meupc.net/peca/bwC56m/gabinete-pcyes-forcefield-gffbvp
Gabinete Rise Mode Galaxy Glass ATX Mid Tower (Preto),"R$ 823,50
10x de R$ 82,35","Add na build
Especificações
Fabricante Rise Mode
Modelo Galaxy Glass
PN
RM-GA-GGS-FB
Tipo ATX Mid Tower
Formatos de placa-mãe suportados
ATX
Micro ATX
Mini ITX
Fonte inclusa
Potência da fonte inclusa
Painel frontal USB 3.0/3.1
Filtro removível
Janela lateral
USB 2.0 2
USB 3.0 / 3.1 Gen1 1
Slots de expansão Full-Height 7
Slots de expansão Half-Height 0
Baia externa 5.25"" 0
Baia externa 3.5"" 0
Baia interna 3.5"" 2
Baia interna 2.5"" 2
Tamanho máximo da placa de vídeo 400 mm
Dimensões 417 x 280 x 427 mm
Volume 49.9 litros
Peso 9.0 kg
Cor Preto
Cor do LED RGB
Preços
Loja Frete Preço Preço PIX
R$ 823,50
10x de R$ 82,35 R$ 699,99
Comprar

Ir à loja
* Os preços e a disponibilidade dos produtos estão corretos na data/horário indicados e poderão sofrer alterações. Quaisquer informações de preço e disponibilidade exibidas na Amazon.com.br no momento da compra serão aplicáveis à compra desse produto.
* Podemos receber comissões por compras feitas em lojas participantes vinculadas neste site. Estas comissões não afetam os produtos ou preços exibidos, nem a ordem dos preços listados. Saiba mais aqui.
Está caro? Nós te avisamos quando baixar
Quanto gostaria de pagar? (preço PIX)
R$
Criar alerta
* Não enviamos nenhum alerta de preço para produtos da Amazon.
Histórico de preços
* Os preços da Amazon não estão incluídos no gráfico de histórico de preços.
Comentários
Comentar
WhaxenFour6 · há 2 anos
Vem com os fans , juntos ?
[1] Curtir
Responder
jcerbaro · há 2 anos
alguém sabe confirmar isso? um colega disse que sim e outro que não...
[3] Curtir
Responder
RuddyMentarGG · ano passado
Vem não
[2] Curtir
Responder
Gustavooo_ · há 2 anos
creio que sim
[1] Curtir
Responder
denyx · há 2 anos
não
[1] Curtir
Responder",https://meupc.net/images/publi/enifler-970x90.png?v=469876829220386552,https://meupc.net/peca/TM754J/gabinete-rise-mode-galaxy-glass-rmgaggsfb
Gabinete Redragon Wideload Lite ATX Mid Tower (Preto),"R$ 411,70
10x de R$ 41,17","Add na build
Especificações
Fabricante Redragon
Modelo Wideload Lite
PN
CA-604B
Tipo ATX Mid Tower
Formatos de placa-mãe suportados
ATX
Micro ATX
Fonte inclusa
Potência da fonte inclusa
Painel frontal USB 3.0/3.1
Filtro removível
Janela lateral
USB 2.0 1
USB 3.0 1
Slots de expansão Full-Height 6
Slots de expansão Half-Height 0
Baia externa 5.25"" 0
Baia externa 3.5"" 0
Baia interna 3.5"" 2
Baia interna 2.5"" 2
Tamanho máximo da placa de vídeo 395 mm
Dimensões 420 x 295 x 369 mm
Volume 45.7 litros
Peso
Cor Preto
Cor do LED
Preços
Loja Frete Preço Preço PIX
R$ 411,70
10x de R$ 41,17 R$ 349,99
Comprar
R$ 639,90
1x de R$ 639,90 R$ 639,90
(Última atualização há 2 h)
Comprar
* Os preços e a disponibilidade dos produtos estão corretos na data/horário indicados e poderão sofrer alterações. Quaisquer informações de preço e disponibilidade exibidas na Amazon.com.br no momento da compra serão aplicáveis à compra desse produto.
* Podemos receber comissões por compras feitas em lojas participantes vinculadas neste site. Estas comissões não afetam os produtos ou preços exibidos, nem a ordem dos preços listados. Saiba mais aqui.
Está caro? Nós te avisamos quando baixar
Quanto gostaria de pagar? (preço PIX)
R$
Criar alerta
* Não enviamos nenhum alerta de preço para produtos da Amazon.
Histórico de preços
* Os preços da Amazon não estão incluídos no gráfico de histórico de preços.
Comentários
Comentar
Nenhum comentário ainda, seja o primeiro!",https://static.meupc.net/produto/gabinete-redragon-wideload-lite-ca604b-JB74Ck-L.jpg,https://meupc.net/peca/bxt36p/gabinete-redragon-wideload-lite-ca604b
Gabinete Montech X3 MESH ATX Mid Tower (Preto),"R$ 411,65
12x de R$ 34,30","Add na build
Especificações
Fabricante Montech
Modelo X3 MESH
PN
X3 MESH (B)
Tipo ATX Mid Tower
Formatos de placa-mãe suportados
ATX
Micro ATX
Mini ITX
Fonte inclusa
Potência da fonte inclusa
Painel frontal USB 3.0/3.1
Filtro removível
Janela lateral
USB 2.0 2
USB 3.0 1
Slots de expansão Full-Height 7
Slots de expansão Half-Height 0
Baia externa 5.25"" 0
Baia externa 3.5"" 0
Baia interna 3.5"" 1
Baia interna 2.5"" 3
Tamanho máximo da placa de vídeo 305 mm
Dimensões 370 x 210 x 480 mm
Volume 37.3 litros
Peso 7.8 kg
Cor Preto
Cor do LED RGB
Preços
Loja Frete Preço Preço PIX
R$ 411,65
12x de R$ 34,30 R$ 349,90
Comprar
* Os preços e a disponibilidade dos produtos estão corretos na data/horário indicados e poderão sofrer alterações. Quaisquer informações de preço e disponibilidade exibidas na Amazon.com.br no momento da compra serão aplicáveis à compra desse produto.
* Podemos receber comissões por compras feitas em lojas participantes vinculadas neste site. Estas comissões não afetam os produtos ou preços exibidos, nem a ordem dos preços listados. Saiba mais aqui.
Está caro? Nós te avisamos quando baixar
Quanto gostaria de pagar? (preço PIX)
R$
Criar alerta
* Não enviamos nenhum alerta de preço para produtos da Amazon.
Histórico de preços
* Os preços da Amazon não estão incluídos no gráfico de histórico de preços.
Comentários
Comentar
Nenhum comentário ainda, seja o primeiro!",https://meupc.net/images/publi/enifler-970x90.png?v=469876829220386552,https://meupc.net/peca/L6d8Vp/gabinete-montech-x3-mesh-x3meshb
Gabinete Rise Mode Glass 06X ATX Mid Tower (Preto),"R$ 211,68
8x de R$ 26,46","Add na build
Especificações
Fabricante Rise Mode
Modelo Glass 06X
PN
RM-CA-06X-FB
Tipo ATX Mid Tower
Formatos de placa-mãe suportados
ATX
Micro ATX
Mini ITX
Fonte inclusa
Potência da fonte inclusa
Painel frontal USB 3.0/3.1
Filtro removível
Janela lateral
USB 2.0 1
USB 3.0 / 3.1 Gen1 1
Slots de expansão Full-Height 7
Slots de expansão Half-Height 0
Baia externa 5.25"" 0
Baia externa 3.5"" 0
Baia interna 3.5"" 2
Baia interna 2.5"" 3
Tamanho máximo da placa de vídeo 350 mm
Dimensões 365 x 200 x 455 mm
Volume 33.2 litros
Peso 11.5 kg
Cor Preto
Cor do LED RGB
Preços
Loja Frete Preço Preço PIX
R$ 211,68
8x de R$ 26,46 R$ 179,99
Comprar

Ir à loja
* Os preços e a disponibilidade dos produtos estão corretos na data/horário indicados e poderão sofrer alterações. Quaisquer informações de preço e disponibilidade exibidas na Amazon.com.br no momento da compra serão aplicáveis à compra desse produto.
* Podemos receber comissões por compras feitas em lojas participantes vinculadas neste site. Estas comissões não afetam os produtos ou preços exibidos, nem a ordem dos preços listados. Saiba mais aqui.
Está caro? Nós te avisamos quando baixar
Quanto gostaria de pagar? (preço PIX)
R$
Criar alerta
* Não enviamos nenhum alerta de preço para produtos da Amazon.
Histórico de preços
* Os preços da Amazon não estão incluídos no gráfico de histórico de preços.
Comentários
Comentar
Rickey · há 11 meses
Consigo trocar a cor dos leds?
[2] Curtir
Responder
Faller · há 8 meses
Ele não vem com fans, nesse caso vc deveria comprar elas separadamente. Espero ter ajudado!
[3] Curtir
Responder
ItaloGomes · há 4 meses
Esse gabinete vem com fans?
[1] Curtir
Responder",https://meupc.net/images/publi/enifler-970x90.png?v=469876829220386552,https://meupc.net/peca/o88sGA/gabinete-rise-mode-glass-06x-rmca06xfb
Gabinete Rise Mode Galaxy Glass ATX Mid Tower (Preto),"R$ 588,20
10x de R$ 58,82","Add na build
Especificações
Fabricante Rise Mode
Modelo Galaxy Glass
PN
RM-GA-GG-FB
Tipo ATX Mid Tower
Formatos de placa-mãe suportados
ATX
Micro ATX
Mini ITX
Fonte inclusa
Potência da fonte inclusa
Painel frontal USB 3.0/3.1
Filtro removível
Janela lateral
USB 2.0 2
USB 3.0 / 3.1 Gen1 1
Slots de expansão Full-Height 7
Slots de expansão Half-Height 0
Baia externa 5.25"" 0
Baia externa 3.5"" 0
Baia interna 3.5"" 2
Baia interna 2.5"" 2
Tamanho máximo da placa de vídeo 400 mm
Dimensões 427 x 280 x 440 mm
Volume 52.6 litros
Peso 9.0 kg
Cor Preto
Cor do LED RGB
Preços
Loja Frete Preço Preço PIX
R$ 588,20
10x de R$ 58,82 R$ 499,99
Comprar

Ir à loja
* Os preços e a disponibilidade dos produtos estão corretos na data/horário indicados e poderão sofrer alterações. Quaisquer informações de preço e disponibilidade exibidas na Amazon.com.br no momento da compra serão aplicáveis à compra desse produto.
* Podemos receber comissões por compras feitas em lojas participantes vinculadas neste site. Estas comissões não afetam os produtos ou preços exibidos, nem a ordem dos preços listados. Saiba mais aqui.
Está caro? Nós te avisamos quando baixar
Quanto gostaria de pagar? (preço PIX)
R$
Criar alerta
* Não enviamos nenhum alerta de preço para produtos da Amazon.
Histórico de preços
* Os preços da Amazon não estão incluídos no gráfico de histórico de preços.
Comentários
Comentar
Nenhum comentário ainda, seja o primeiro!",https://static.meupc.net/produto/gabinete-rise-mode-galaxy-glass-rmgaggfb-cH2oX6-L.jpg,https://meupc.net/peca/bFq4I4/gabinete-rise-mode-galaxy-glass-rmgaggfb
Gabinete Hayom GB1749 ATX Mid Tower (Preto),"R$ 199,88
9x de R$ 22,21","Add na build
Especificações
Fabricante Hayom
Modelo GB1749
PN
GB1749
Tipo ATX Mid Tower
Formatos de placa-mãe suportados
ATX
Micro ATX
Fonte inclusa
Potência da fonte inclusa
Painel frontal USB 3.0/3.1
Filtro removível
Janela lateral
USB 2.0 2
USB 3.0 1
Slots de expansão Full-Height 7
Slots de expansão Half-Height 0
Baia externa 5.25"" 0
Baia externa 3.5"" 0
Baia interna 3.5"" 1
Baia interna 2.5"" 2
Tamanho máximo da placa de vídeo 280 mm
Dimensões 330 x 180 x 425 mm
Volume 25.2 litros
Peso 8.8 kg
Cor Preto
Cor do LED RGB
Preços
Loja Frete Preço Preço PIX
R$ 199,88
9x de R$ 22,21 R$ 169,90
Comprar
Grátis R$ 226,00
1x de R$ 226,00 R$ 226,00
Comprar
R$ 246,00
1x de R$ 246,00 R$ 246,00
(Última atualização há 2 h)
Comprar

Ir à loja

Ir à loja
* Os preços e a disponibilidade dos produtos estão corretos na data/horário indicados e poderão sofrer alterações. Quaisquer informações de preço e disponibilidade exibidas na Amazon.com.br no momento da compra serão aplicáveis à compra desse produto.
* Podemos receber comissões por compras feitas em lojas participantes vinculadas neste site. Estas comissões não afetam os produtos ou preços exibidos, nem a ordem dos preços listados. Saiba mais aqui.
Está caro? Nós te avisamos quando baixar
Quanto gostaria de pagar? (preço PIX)
R$
Criar alerta
* Não enviamos nenhum alerta de preço para produtos da Amazon.
Histórico de preços
* Os preços da Amazon não estão incluídos no gráfico de histórico de preços.
Comentários
Comentar
Nenhum comentário ainda, seja o primeiro!",https://meupc.net/images/publi/enifler-970x90.png?v=469876829220386552,https://meupc.net/peca/q6N9Cc/gabinete-hayom-gb1749
Gabinete Rise Mode X1 ATX Mid Tower (Preto),"Último menor preço praticado: R$ 277,60 (R$ 249,90 no PIX) em 27/06/2025 por Kabum.","Add na build
Especificações
Fabricante Rise Mode
Modelo X1
PN
RM-X1-01-FB
Tipo ATX Mid Tower
Formatos de placa-mãe suportados
Micro ATX
Mini ITX
Fonte inclusa
Potência da fonte inclusa
Painel frontal USB 3.0/3.1
Filtro removível
Janela lateral
USB 2.0 2
USB 3.0 1
Slots de expansão Full-Height 4
Slots de expansão Half-Height 0
Baia externa 5.25"" 0
Baia externa 3.5"" 0
Baia interna 3.5"" 1
Baia interna 2.5"" 2
Tamanho máximo da placa de vídeo 330 mm
Dimensões 278 x 210 x 422 mm
Volume 24.6 litros
Peso
Cor Preto
Cor do LED RGB
Preços
Produto indisponível atualmente
Último menor preço praticado: R$ 277,60 (R$ 249,90 no PIX) em 27/06/2025 por Kabum.
Loja Frete Preço Preço PIX

Ir à loja

Ir à loja
* Os preços e a disponibilidade dos produtos estão corretos na data/horário indicados e poderão sofrer alterações. Quaisquer informações de preço e disponibilidade exibidas na Amazon.com.br no momento da compra serão aplicáveis à compra desse produto.
* Podemos receber comissões por compras feitas em lojas participantes vinculadas neste site. Estas comissões não afetam os produtos ou preços exibidos, nem a ordem dos preços listados. Saiba mais aqui.
Nós te avisamos quando voltarem os estoques
Quanto gostaria de pagar? (preço PIX)
R$
Criar alerta
* Não enviamos nenhum alerta de preço para produtos da Amazon.
Histórico de preços
* Os preços da Amazon não estão incluídos no gráfico de histórico de preços.
Comentários
Comentar
Infynity · há 3 meses
Esse gabinete vem com fans?
[1] Curtir
Responder
rmvoir · há 3 meses
não
[1] Curtir
Responder",https://meupc.net/images/publi/enifler-970x90.png?v=469876829220386552,https://meupc.net/peca/by9E3f/gabinete-rise-mode-x1-rmx101fb
Gabinete LIAN LI O11 Vision ATX Full Tower (Preto),"R$ 1.411,70
10x de R$ 141,17","Add na build
Especificações
Fabricante LIAN LI
Modelo O11 Vision
PN
O11VX BLACK
Tipo ATX Full Tower
Formatos de placa-mãe suportados
ATX
EATX
Micro ATX
Mini ITX
Fonte inclusa
Potência da fonte inclusa
Painel frontal USB 3.0/3.1
Filtro removível
Janela lateral
USB 3.0 2
USB 3.0 Type-C 1
Slots de expansão Full-Height 7
Slots de expansão Half-Height 0
Baia externa 5.25"" 0
Baia externa 3.5"" 0
Baia interna 3.5"" 2
Baia interna 2.5"" 3
Tamanho máximo da placa de vídeo 455 mm
Dimensões 480 x 304 x 464 mm
Volume 67.7 litros
Peso
Cor Preto
Cor do LED
Preços
Loja Frete Preço Preço PIX
R$ 1.411,70
10x de R$ 141,17 R$ 1.199,99
Comprar
R$ 1.470,47
12x de R$ 122,54 R$ 1.249,90
Comprar

Ir à loja
* Os preços e a disponibilidade dos produtos estão corretos na data/horário indicados e poderão sofrer alterações. Quaisquer informações de preço e disponibilidade exibidas na Amazon.com.br no momento da compra serão aplicáveis à compra desse produto.
* Podemos receber comissões por compras feitas em lojas participantes vinculadas neste site. Estas comissões não afetam os produtos ou preços exibidos, nem a ordem dos preços listados. Saiba mais aqui.
Está caro? Nós te avisamos quando baixar
Quanto gostaria de pagar? (preço PIX)
R$
Criar alerta
* Não enviamos nenhum alerta de preço para produtos da Amazon.
Histórico de preços
* Os preços da Amazon não estão incluídos no gráfico de histórico de preços.
Comentários
Comentar
Nenhum comentário ainda, seja o primeiro!",https://static.meupc.net/produto/gabinete-lian-li-o11-vision-o11vxblack-yb5y7j-L.jpg,https://meupc.net/peca/oZY789/gabinete-lian-li-o11-vision-o11vxblack
Gabinete Rise Mode X1 White MicroATX Mini Tower (Branco),"R$ 174,59
1x de R$ 174,59","Add na build
Especificações
Fabricante Rise Mode
Modelo X1 White
PN
RM-GA-OFX1-FW
Tipo MicroATX Mini Tower
Formatos de placa-mãe suportados
Micro ATX
Mini ITX
Fonte inclusa
Potência da fonte inclusa
Painel frontal USB 3.0/3.1
Filtro removível
Janela lateral
USB 2.0 1
USB 3.0 1
Slots de expansão Full-Height 4
Slots de expansão Half-Height 0
Baia externa 5.25"" 0
Baia externa 3.5"" 0
Baia interna 3.5"" 1
Baia interna 2.5"" 2
Tamanho máximo da placa de vídeo 330 mm
Dimensões 315 x 170 x 350 mm
Volume 18.7 litros
Peso
Cor Branco
Cor do LED
Preços
Loja Frete Preço Preço PIX
Grátis R$ 174,59
1x de R$ 174,59 R$ 174,59
Comprar

Ir à loja
* Os preços e a disponibilidade dos produtos estão corretos na data/horário indicados e poderão sofrer alterações. Quaisquer informações de preço e disponibilidade exibidas na Amazon.com.br no momento da compra serão aplicáveis à compra desse produto.
* Podemos receber comissões por compras feitas em lojas participantes vinculadas neste site. Estas comissões não afetam os produtos ou preços exibidos, nem a ordem dos preços listados. Saiba mais aqui.
Está caro? Nós te avisamos quando baixar
Quanto gostaria de pagar? (preço PIX)
R$
Criar alerta
* Não enviamos nenhum alerta de preço para produtos da Amazon.
Histórico de preços
* Os preços da Amazon não estão incluídos no gráfico de histórico de preços.
Comentários
Comentar
Nenhum comentário ainda, seja o primeiro!",https://static.meupc.net/produto/gabinete-rise-mode-x1-white-rm-ga-ofx1-fw-n89km2-L.jpg,https://meupc.net/peca/I1E5U3/gabinete-rise-mode-x1-white-rm-ga-ofx1-fw
Gabinete Kalkan Avalon MicroATX Mid Tower (Preto),"R$ 244,26
9x de R$ 27,14","Add na build
Especificações
Fabricante Kalkan
Modelo Avalon
PN
KLK00036
Tipo MicroATX Mid Tower
Formatos de placa-mãe suportados
Micro ATX
Mini ITX
Fonte inclusa
Potência da fonte inclusa
Painel frontal USB 3.0/3.1
Filtro removível
Janela lateral
USB 2.0 1
USB 3.0 2
Slots de expansão Full-Height 4
Slots de expansão Half-Height 0
Baia externa 5.25"" 0
Baia externa 3.5"" 0
Baia interna 3.5"" 2
Baia interna 2.5"" 1
Tamanho máximo da placa de vídeo 315 mm
Dimensões 420 x 212 x 333 mm
Volume 29.7 litros
Peso
Cor Preto
Cor do LED
Preços
Loja Frete Preço Preço PIX
R$ 244,26
9x de R$ 27,14 R$ 219,90
Comprar

Ir à loja

Ir à loja
* Os preços e a disponibilidade dos produtos estão corretos na data/horário indicados e poderão sofrer alterações. Quaisquer informações de preço e disponibilidade exibidas na Amazon.com.br no momento da compra serão aplicáveis à compra desse produto.
* Podemos receber comissões por compras feitas em lojas participantes vinculadas neste site. Estas comissões não afetam os produtos ou preços exibidos, nem a ordem dos preços listados. Saiba mais aqui.
Está caro? Nós te avisamos quando baixar
Quanto gostaria de pagar? (preço PIX)
R$
Criar alerta
* Não enviamos nenhum alerta de preço para produtos da Amazon.
Histórico de preços
* Os preços da Amazon não estão incluídos no gráfico de histórico de preços.
Comentários
Comentar
Nenhum comentário ainda, seja o primeiro!",https://meupc.net/images/publi/enifler-970x90.png?v=469876829220386552,https://meupc.net/peca/vWrenz/gabinete-kalkan-avalon-klk00036
Gabinete Rise Mode Z3 Glass ATX Mid Tower (Preto),"R$ 199,99
7x de R$ 28,57","Add na build
Especificações
Fabricante Rise Mode
Modelo Z3 Glass
PN
RM-Z03-03-FB
Tipo ATX Mid Tower
Formatos de placa-mãe suportados
ATX
Micro ATX
Fonte inclusa
Potência da fonte inclusa
Painel frontal USB 3.0/3.1
Filtro removível
Janela lateral
USB 2.0 2
USB 3.0 / 3.1 Gen1 2
Slots de expansão Full-Height 7
Slots de expansão Half-Height 0
Baia externa 5.25"" 0
Baia externa 3.5"" 0
Baia interna 3.5"" 2
Baia interna 2.5"" 2
Tamanho máximo da placa de vídeo
Dimensões 378 x 190 x 447 mm
Volume 32.1 litros
Peso 11.5 kg
Cor Preto
Cor do LED
Preços
Loja Frete Preço Preço PIX
R$ 199,99
7x de R$ 28,57 R$ 179,99
Comprar
* Os preços e a disponibilidade dos produtos estão corretos na data/horário indicados e poderão sofrer alterações. Quaisquer informações de preço e disponibilidade exibidas na Amazon.com.br no momento da compra serão aplicáveis à compra desse produto.
* Podemos receber comissões por compras feitas em lojas participantes vinculadas neste site. Estas comissões não afetam os produtos ou preços exibidos, nem a ordem dos preços listados. Saiba mais aqui.
Está caro? Nós te avisamos quando baixar
Quanto gostaria de pagar? (preço PIX)
R$
Criar alerta
* Não enviamos nenhum alerta de preço para produtos da Amazon.
Histórico de preços
* Os preços da Amazon não estão incluídos no gráfico de histórico de preços.
Comentários
Comentar
Nenhum comentário ainda, seja o primeiro!",https://meupc.net/images/publi/enifler-970x90.png?v=469876829220386552,https://meupc.net/peca/S4ep9z/gabinete-rise-mode-z3-glass-rmz0303fb
Gabinete Duex Office MicroATX Mid Tower (Preto),"R$ 105,76
5x de R$ 21,15","Add na build
Especificações
Fabricante Duex
Modelo Office
PN
DX255-10-1
Tipo MicroATX Mid Tower
Formatos de placa-mãe suportados
Micro ATX
Mini ITX
Fonte inclusa
Potência da fonte inclusa
Painel frontal USB 3.0/3.1
Filtro removível
Janela lateral
USB 2.0 2
Slots de expansão Full-Height 4
Slots de expansão Half-Height 0
Baia externa 5.25"" 0
Baia externa 3.5"" 0
Baia interna 3.5"" 1
Baia interna 2.5"" 2
Tamanho máximo da placa de vídeo
Dimensões 260 x 168 x 350 mm
Volume 15.3 litros
Peso
Cor Preto
Cor do LED
Preços
Loja Frete Preço Preço PIX
R$ 105,76
5x de R$ 21,15 R$ 89,90
Comprar
R$ 179,89
1x de R$ 179,89 R$ 179,89
(Última atualização há 2 h)
Comprar
R$ 189,70
1x de R$ 189,70 R$ 189,70
Comprar

Ir à loja
* Os preços e a disponibilidade dos produtos estão corretos na data/horário indicados e poderão sofrer alterações. Quaisquer informações de preço e disponibilidade exibidas na Amazon.com.br no momento da compra serão aplicáveis à compra desse produto.
* Podemos receber comissões por compras feitas em lojas participantes vinculadas neste site. Estas comissões não afetam os produtos ou preços exibidos, nem a ordem dos preços listados. Saiba mais aqui.
Está caro? Nós te avisamos quando baixar
Quanto gostaria de pagar? (preço PIX)
R$
Criar alerta
* Não enviamos nenhum alerta de preço para produtos da Amazon.
Histórico de preços
* Os preços da Amazon não estão incluídos no gráfico de histórico de preços.
Comentários
Comentar
Nenhum comentário ainda, seja o primeiro!",https://static.meupc.net/produto/gabinete-duex-office-dx255-10-1-rUh9n7-L.jpg,https://meupc.net/peca/A0H6oK/gabinete-duex-office-dx255-10-1
Gabinete Rise Mode Galaxy Glass Standard V2 ATX Mid Tower (Preto),"R$ 705,80
10x de R$ 70,58","Add na build
Especificações
Fabricante Rise Mode
Modelo Galaxy Glass Standard V2
PN
RM-GA-GGSB2-ARGB
Tipo ATX Mid Tower
Formatos de placa-mãe suportados
ATX
Micro ATX
Mini ITX
Fonte inclusa
Potência da fonte inclusa
Painel frontal USB 3.0/3.1
Filtro removível
Janela lateral
USB 2.0 1
USB 3.0 1
Slots de expansão Full-Height 7
Slots de expansão Half-Height 0
Baia externa 5.25"" 0
Baia externa 3.5"" 0
Baia interna 3.5"" 2
Baia interna 2.5"" 3
Tamanho máximo da placa de vídeo 400 mm
Dimensões 415 x 280 x 435 mm
Volume 50.5 litros
Peso
Cor Preto
Cor do LED RGB
Preços
Loja Frete Preço Preço PIX
R$ 705,80
10x de R$ 70,58 R$ 599,99
Comprar
* Os preços e a disponibilidade dos produtos estão corretos na data/horário indicados e poderão sofrer alterações. Quaisquer informações de preço e disponibilidade exibidas na Amazon.com.br no momento da compra serão aplicáveis à compra desse produto.
* Podemos receber comissões por compras feitas em lojas participantes vinculadas neste site. Estas comissões não afetam os produtos ou preços exibidos, nem a ordem dos preços listados. Saiba mais aqui.
Está caro? Nós te avisamos quando baixar
Quanto gostaria de pagar? (preço PIX)
R$
Criar alerta
* Não enviamos nenhum alerta de preço para produtos da Amazon.
Histórico de preços
* Os preços da Amazon não estão incluídos no gráfico de histórico de preços.
Comentários
Comentar
Nenhum comentário ainda, seja o primeiro!",https://static.meupc.net/produto/gabinete-rise-mode-galaxy-glass-standard-v2-rm-ga-ggsb2-argb-uBuw67-L.jpg,https://meupc.net/peca/VMrawi/gabinete-rise-mode-galaxy-glass-standard-v2-rm-ga-ggsb2-argb
Gabinete NZXT H9 Flow ATX Mid Tower (Preto),"R$ 1.411,65
12x de R$ 117,64","Add na build
Especificações
Fabricante NZXT
Modelo H9 Flow
PN
CM-H91FB-01
Tipo ATX Mid Tower
Formatos de placa-mãe suportados
ATX
Micro ATX
Mini ITX
Fonte inclusa
Potência da fonte inclusa
Painel frontal USB 3.0/3.1
Filtro removível
Janela lateral
USB 3.2 Gen 2 1
USB 3.2 Gen1 1
Slots de expansão Full-Height 7
Slots de expansão Half-Height 0
Baia externa 5.25"" 0
Baia externa 3.5"" 0
Baia interna 3.5"" 2
Baia interna 2.5"" 4
Tamanho máximo da placa de vídeo 435 mm
Dimensões 466 x 290 x 495 mm
Volume 66.9 litros
Peso
Cor Preto
Cor do LED
Preços
Loja Frete Preço Preço PIX
R$ 1.411,65
12x de R$ 117,64 R$ 1.199,90
Comprar
Grátis R$ 1.279,25
1x de R$ 1.279,25 R$ 1.279,25
Comprar
R$ 1.529,20
10x de R$ 152,92 R$ 1.299,90
Comprar
R$ 1.411,65
1x de R$ 1.411,65 R$ 1.411,65
(Última atualização há 2 h)
Comprar

Ir à loja
* Os preços e a disponibilidade dos produtos estão corretos na data/horário indicados e poderão sofrer alterações. Quaisquer informações de preço e disponibilidade exibidas na Amazon.com.br no momento da compra serão aplicáveis à compra desse produto.
* Podemos receber comissões por compras feitas em lojas participantes vinculadas neste site. Estas comissões não afetam os produtos ou preços exibidos, nem a ordem dos preços listados. Saiba mais aqui.
Está caro? Nós te avisamos quando baixar
Quanto gostaria de pagar? (preço PIX)
R$
Criar alerta
* Não enviamos nenhum alerta de preço para produtos da Amazon.
Histórico de preços
* Os preços da Amazon não estão incluídos no gráfico de histórico de preços.
Comentários
Comentar
Nenhum comentário ainda, seja o primeiro!",https://meupc.net/images/publi/enifler-970x90.png?v=469876829220386552,https://meupc.net/peca/jV7J9F/gabinete-nzxt-h9-flow-cmh91fb01
Gabinete Cooler Master COSMOS C700M ATX Mid Tower (Preto / Prata),"R$ 4.470,58
12x de R$ 372,55","Add na build
Especificações
Fabricante Cooler Master
Modelo COSMOS C700M
PN
MCC-C700M-MG5N-S00
Tipo ATX Mid Tower
Formatos de placa-mãe suportados
ATX
EATX
Micro ATX
Mini ITX
Fonte inclusa
Potência da fonte inclusa
Painel frontal USB 3.0/3.1
Filtro removível
Janela lateral
USB 3.0 / 3.1 Gen1 4
USB 3.1 Type-C 1
Slots de expansão Full-Height 8
Slots de expansão Half-Height 0
Baia externa 5.25"" 1
Baia externa 3.5"" 0
Baia interna 3.5"" 4
Baia interna 2.5"" 4
Tamanho máximo da placa de vídeo 320 mm
Dimensões 650 x 305 x 650 mm
Volume 128.9 litros
Peso 28.0 kg
Cor Preto / Prata
Cor do LED RGB
Preços
Loja Frete Preço Preço PIX
R$ 4.470,58
12x de R$ 372,55 R$ 3.799,99
Comprar

Ir à loja

Ir à loja

Ir à loja
* Os preços e a disponibilidade dos produtos estão corretos na data/horário indicados e poderão sofrer alterações. Quaisquer informações de preço e disponibilidade exibidas na Amazon.com.br no momento da compra serão aplicáveis à compra desse produto.
* Podemos receber comissões por compras feitas em lojas participantes vinculadas neste site. Estas comissões não afetam os produtos ou preços exibidos, nem a ordem dos preços listados. Saiba mais aqui.
Está caro? Nós te avisamos quando baixar
Quanto gostaria de pagar? (preço PIX)
R$
Criar alerta
* Não enviamos nenhum alerta de preço para produtos da Amazon.
Histórico de preços
* Os preços da Amazon não estão incluídos no gráfico de histórico de preços.
Comentários
Comentar
Nenhum comentário ainda, seja o primeiro!",https://meupc.net/images/publi/enifler-970x90.png?v=469876829220386552,https://meupc.net/peca/EK2v9j/gabinete-cooler-master-cosmos-c700m-mccc700mmg5ns00
Gabinete Rise Mode Galaxy Glass Standard V2 ATX Mid Tower (Branco),"R$ 722,20
10x de R$ 72,22","Add na build
Especificações
Fabricante Rise Mode
Modelo Galaxy Glass Standard V2
PN
RM-GA-GGSW2-ARGB
Tipo ATX Mid Tower
Formatos de placa-mãe suportados
ATX
Micro ATX
Mini ITX
Fonte inclusa
Potência da fonte inclusa
Painel frontal USB 3.0/3.1
Filtro removível
Janela lateral
USB 2.0 1
USB 3.0 1
Slots de expansão Full-Height 7
Slots de expansão Half-Height 0
Baia externa 5.25"" 0
Baia externa 3.5"" 0
Baia interna 3.5"" 3
Baia interna 2.5"" 3
Tamanho máximo da placa de vídeo 400 mm
Dimensões 415 x 280 x 435 mm
Volume 50.5 litros
Peso
Cor Branco
Cor do LED RGB
Preços
Loja Frete Preço Preço PIX
R$ 722,20
10x de R$ 72,22 R$ 649,99
Comprar
* Os preços e a disponibilidade dos produtos estão corretos na data/horário indicados e poderão sofrer alterações. Quaisquer informações de preço e disponibilidade exibidas na Amazon.com.br no momento da compra serão aplicáveis à compra desse produto.
* Podemos receber comissões por compras feitas em lojas participantes vinculadas neste site. Estas comissões não afetam os produtos ou preços exibidos, nem a ordem dos preços listados. Saiba mais aqui.
Está caro? Nós te avisamos quando baixar
Quanto gostaria de pagar? (preço PIX)
R$
Criar alerta
* Não enviamos nenhum alerta de preço para produtos da Amazon.
Histórico de preços
* Os preços da Amazon não estão incluídos no gráfico de histórico de preços.
Comentários
Comentar
Nenhum comentário ainda, seja o primeiro!",https://meupc.net/images/publi/enifler-970x90.png?v=469876829220386552,https://meupc.net/peca/hJ9lqS/gabinete-rise-mode-galaxy-glass-standard-v2-rm-ga-ggsw2-argb
Gabinete Montech Air 903 Max ATX Mid Tower (Preto),"Último menor preço praticado: R$ 588,12 (R$ 499,90 no PIX) em 12/06/2025 por Terabyte.","Add na build
Especificações
Fabricante Montech
Modelo Air 903 Max
PN
AIR 903 MAX (B)
Tipo ATX Mid Tower
Formatos de placa-mãe suportados
ATX
EATX
Micro ATX
Mini ITX
Fonte inclusa
Potência da fonte inclusa
Painel frontal USB 3.0/3.1
Filtro removível
Janela lateral
USB 3.0 2
USB 3.0 Type-C 1
Slots de expansão Full-Height 7
Slots de expansão Half-Height 0
Baia externa 5.25"" 0
Baia externa 3.5"" 0
Baia interna 3.5"" 2
Baia interna 2.5"" 5
Tamanho máximo da placa de vídeo 400 mm
Dimensões 478 x 230 x 493 mm
Volume 54.2 litros
Peso
Cor Preto
Cor do LED
Preços
Produto indisponível atualmente
Último menor preço praticado: R$ 588,12 (R$ 499,90 no PIX) em 12/06/2025 por Terabyte.
Loja Frete Preço Preço PIX

Ir à loja
* Os preços e a disponibilidade dos produtos estão corretos na data/horário indicados e poderão sofrer alterações. Quaisquer informações de preço e disponibilidade exibidas na Amazon.com.br no momento da compra serão aplicáveis à compra desse produto.
* Podemos receber comissões por compras feitas em lojas participantes vinculadas neste site. Estas comissões não afetam os produtos ou preços exibidos, nem a ordem dos preços listados. Saiba mais aqui.
Nós te avisamos quando voltarem os estoques
Quanto gostaria de pagar? (preço PIX)
R$
Criar alerta
* Não enviamos nenhum alerta de preço para produtos da Amazon.
Histórico de preços
* Os preços da Amazon não estão incluídos no gráfico de histórico de preços.
Comentários
Comentar
Nenhum comentário ainda, seja o primeiro!",https://meupc.net/images/publi/enifler-970x90.png?v=469876829220386552,https://meupc.net/peca/H9sH5T/gabinete-montech-air-903-max-air903maxb
Gabinete Antec CANNON ATX Full Tower (Preto),"R$ 4.235,20
10x de R$ 423,52","Add na build
Especificações
Fabricante Antec
Modelo CANNON
PN
CANNON
Tipo ATX Full Tower
Formatos de placa-mãe suportados
ATX
EATX
Micro ATX
Mini ITX
Fonte inclusa
Potência da fonte inclusa
Painel frontal USB 3.0/3.1
Filtro removível
Janela lateral
USB 3.0 2
USB 3.1 Type-C 1
Slots de expansão Full-Height 0
Slots de expansão Half-Height 0
Baia externa 5.25"" 0
Baia externa 3.5"" 0
Baia interna 3.5"" 1
Baia interna 2.5"" 2
Tamanho máximo da placa de vídeo 385 mm
Dimensões 604 x 261 x 481 mm
Volume 75.8 litros
Peso
Cor Preto
Cor do LED
Preços
Loja Frete Preço Preço PIX
R$ 4.235,20
10x de R$ 423,52 R$ 3.599,99
Comprar

Ir à loja
* Os preços e a disponibilidade dos produtos estão corretos na data/horário indicados e poderão sofrer alterações. Quaisquer informações de preço e disponibilidade exibidas na Amazon.com.br no momento da compra serão aplicáveis à compra desse produto.
* Podemos receber comissões por compras feitas em lojas participantes vinculadas neste site. Estas comissões não afetam os produtos ou preços exibidos, nem a ordem dos preços listados. Saiba mais aqui.
Está caro? Nós te avisamos quando baixar
Quanto gostaria de pagar? (preço PIX)
R$
Criar alerta
* Não enviamos nenhum alerta de preço para produtos da Amazon.
Histórico de preços
* Os preços da Amazon não estão incluídos no gráfico de histórico de preços.
Comentários
Comentar
Nenhum comentário ainda, seja o primeiro!",https://meupc.net/images/publi/enifler-970x90.png?v=469876829220386552,https://meupc.net/peca/bp44Sz/gabinete-antec-cannon
Gabinete Pichau APUS ATX Mid Tower (Branco),"R$ 305,87
12x de R$ 25,49","Add na build
Especificações
Fabricante Pichau
Modelo APUS
PN
PG-APS-WHT01
Tipo ATX Mid Tower
Formatos de placa-mãe suportados
ATX
Micro ATX
Mini ITX
Fonte inclusa
Potência da fonte inclusa
Painel frontal USB 3.0/3.1
Filtro removível
Janela lateral
USB 2.0 2
USB 3.0 1
Slots de expansão Full-Height 7
Slots de expansão Half-Height 0
Baia externa 5.25"" 0
Baia externa 3.5"" 0
Baia interna 3.5"" 2
Baia interna 2.5"" 2
Tamanho máximo da placa de vídeo 330 mm
Dimensões 380 x 200 x 440 mm
Volume 33.4 litros
Peso 4.3 kg
Cor Branco
Cor do LED
Preços
Loja Frete Preço Preço PIX
R$ 305,87
12x de R$ 25,49 R$ 259,99
Comprar
R$ 305,90
1x de R$ 305,90 R$ 305,90
(Última atualização há 2 h)
Comprar

Ir à loja
* Os preços e a disponibilidade dos produtos estão corretos na data/horário indicados e poderão sofrer alterações. Quaisquer informações de preço e disponibilidade exibidas na Amazon.com.br no momento da compra serão aplicáveis à compra desse produto.
* Podemos receber comissões por compras feitas em lojas participantes vinculadas neste site. Estas comissões não afetam os produtos ou preços exibidos, nem a ordem dos preços listados. Saiba mais aqui.
Está caro? Nós te avisamos quando baixar
Quanto gostaria de pagar? (preço PIX)
R$
Criar alerta
* Não enviamos nenhum alerta de preço para produtos da Amazon.
Histórico de preços
* Os preços da Amazon não estão incluídos no gráfico de histórico de preços.
Comentários
Comentar
Ryan_244 · ano passado
Acompanha fans ?
[1] Curtir
Responder
ArturMc2000 · há 4 meses
vem com 3 fans
[0] Curtir
Responder",https://meupc.net/images/publi/enifler-970x90.png?v=469876829220386552,https://meupc.net/peca/LQh92j/gabinete-pichau-apus-pgapswht01
Gabinete Rise Mode X5 Glass ATX Mid Tower (Preto),"R$ 188,16
7x de R$ 26,88","Add na build
Especificações
Fabricante Rise Mode
Modelo X5 Glass
PN
RM-X5-05-FB
Tipo ATX Mid Tower
Formatos de placa-mãe suportados
ATX
Micro ATX
Fonte inclusa
Potência da fonte inclusa
Painel frontal USB 3.0/3.1
Filtro removível
Janela lateral
USB 2.0 2
USB 3.0 / 3.1 Gen1 1
Slots de expansão Full-Height 7
Slots de expansão Half-Height 0
Baia externa 5.25"" 0
Baia externa 3.5"" 0
Baia interna 3.5"" 2
Baia interna 2.5"" 2
Tamanho máximo da placa de vídeo
Dimensões 378 x 190 x 447 mm
Volume 32.1 litros
Peso 11.4 kg
Cor Preto
Cor do LED RGB
Preços
Loja Frete Preço Preço PIX
R$ 188,16
7x de R$ 26,88 R$ 159,99
Comprar

Ir à loja
* Os preços e a disponibilidade dos produtos estão corretos na data/horário indicados e poderão sofrer alterações. Quaisquer informações de preço e disponibilidade exibidas na Amazon.com.br no momento da compra serão aplicáveis à compra desse produto.
* Podemos receber comissões por compras feitas em lojas participantes vinculadas neste site. Estas comissões não afetam os produtos ou preços exibidos, nem a ordem dos preços listados. Saiba mais aqui.
Está caro? Nós te avisamos quando baixar
Quanto gostaria de pagar? (preço PIX)
R$
Criar alerta
* Não enviamos nenhum alerta de preço para produtos da Amazon.
Histórico de preços
* Os preços da Amazon não estão incluídos no gráfico de histórico de preços.
Comentários
Comentar
Nenhum comentário ainda, seja o primeiro!",https://meupc.net/images/publi/enifler-970x90.png?v=469876829220386552,https://meupc.net/peca/GK7H44/gabinete-rise-mode-x5-glass-rmx505fb
Gabinete Rise Mode Galaxy Glass Standard V2 ATX Mid Tower (Preto),"R$ 444,40
10x de R$ 44,44","Add na build
Especificações
Fabricante Rise Mode
Modelo Galaxy Glass Standard V2
PN
RM-GA-GGST2-FB
Tipo ATX Mid Tower
Formatos de placa-mãe suportados
ATX
Micro ATX
Mini ITX
Fonte inclusa
Potência da fonte inclusa
Painel frontal USB 3.0/3.1
Filtro removível
Janela lateral
USB 2.0 1
USB 3.0 1
Slots de expansão Full-Height 7
Slots de expansão Half-Height 0
Baia externa 5.25"" 0
Baia externa 3.5"" 0
Baia interna 3.5"" 2
Baia interna 2.5"" 3
Tamanho máximo da placa de vídeo 400 mm
Dimensões 415 x 280 x 435 mm
Volume 50.5 litros
Peso
Cor Preto
Cor do LED
Preços
Loja Frete Preço Preço PIX
R$ 444,40
10x de R$ 44,44 R$ 399,99
Comprar
* Os preços e a disponibilidade dos produtos estão corretos na data/horário indicados e poderão sofrer alterações. Quaisquer informações de preço e disponibilidade exibidas na Amazon.com.br no momento da compra serão aplicáveis à compra desse produto.
* Podemos receber comissões por compras feitas em lojas participantes vinculadas neste site. Estas comissões não afetam os produtos ou preços exibidos, nem a ordem dos preços listados. Saiba mais aqui.
Está caro? Nós te avisamos quando baixar
Quanto gostaria de pagar? (preço PIX)
R$
Criar alerta
* Não enviamos nenhum alerta de preço para produtos da Amazon.
Histórico de preços
* Os preços da Amazon não estão incluídos no gráfico de histórico de preços.
Comentários
Comentar
th_23 · há 5 meses
esse gabinete vem com as 10 fans?
[1] Curtir
Responder
Gugudada6561427 · há 5 meses
nao sei acho que sim
[1] Curtir
Responder",https://meupc.net/images/publi/enifler-970x90.png?v=469876829220386552,https://meupc.net/peca/iBrVUL/gabinete-rise-mode-galaxy-glass-standard-v2-rm-ga-ggst2-fb
Gabinete Fortrek COC502BK ATX Mid Tower (Preto),"R$ 145,98
1x de R$ 145,98","Add na build
Especificações
Fabricante Fortrek
Modelo COC502BK
PN
75700
COC502BK
Tipo ATX Mid Tower
Formatos de placa-mãe suportados
ATX
Micro ATX
Fonte inclusa
Potência da fonte inclusa
Painel frontal USB 3.0/3.1
Filtro removível
Janela lateral
USB 2.0 2
Slots de expansão Full-Height 4
Slots de expansão Half-Height 0
Baia externa 5.25"" 1
Baia externa 3.5"" 0
Baia interna 3.5"" 1
Baia interna 2.5"" 1
Tamanho máximo da placa de vídeo 220 mm
Dimensões 305 x 165 x 350 mm
Volume 17.6 litros
Peso
Cor Preto
Cor do LED
Preços
Loja Frete Preço Preço PIX
R$ 145,98
1x de R$ 145,98 R$ 145,98
(Última atualização há 2 h)
Comprar

Ir à loja
* Os preços e a disponibilidade dos produtos estão corretos na data/horário indicados e poderão sofrer alterações. Quaisquer informações de preço e disponibilidade exibidas na Amazon.com.br no momento da compra serão aplicáveis à compra desse produto.
* Podemos receber comissões por compras feitas em lojas participantes vinculadas neste site. Estas comissões não afetam os produtos ou preços exibidos, nem a ordem dos preços listados. Saiba mais aqui.
Está caro? Nós te avisamos quando baixar
Quanto gostaria de pagar? (preço PIX)
R$
Criar alerta
* Não enviamos nenhum alerta de preço para produtos da Amazon.
Histórico de preços
* Os preços da Amazon não estão incluídos no gráfico de histórico de preços.
Comentários
Comentar
Nenhum comentário ainda, seja o primeiro!",https://static.meupc.net/produto/gabinete-fortrek-coc502bk-75700-kc253y-L.jpg,https://meupc.net/peca/m25HzC/gabinete-fortrek-coc502bk-75700
Gabinete Pichau POUTER 3 ATX Mid Tower (Branco),"R$ 341,16
12x de R$ 28,43","Add na build
Especificações
Fabricante Pichau
Modelo POUTER 3
PN
PG-P03-WT
Tipo ATX Mid Tower
Formatos de placa-mãe suportados
ATX
EATX
Micro ATX
Mini ITX
Fonte inclusa
Potência da fonte inclusa
Painel frontal USB 3.0/3.1
Filtro removível
Janela lateral
USB 3.0 2
Slots de expansão Full-Height 7
Slots de expansão Half-Height 0
Baia externa 5.25"" 0
Baia externa 3.5"" 0
Baia interna 3.5"" 2
Baia interna 2.5"" 2
Tamanho máximo da placa de vídeo 340 mm
Dimensões 396 x 210 x 490 mm
Volume 40.7 litros
Peso 5.0 kg
Cor Branco
Cor do LED
Preços
Loja Frete Preço Preço PIX
R$ 341,16
12x de R$ 28,43 R$ 289,99
Comprar

Ir à loja
* Os preços e a disponibilidade dos produtos estão corretos na data/horário indicados e poderão sofrer alterações. Quaisquer informações de preço e disponibilidade exibidas na Amazon.com.br no momento da compra serão aplicáveis à compra desse produto.
* Podemos receber comissões por compras feitas em lojas participantes vinculadas neste site. Estas comissões não afetam os produtos ou preços exibidos, nem a ordem dos preços listados. Saiba mais aqui.
Está caro? Nós te avisamos quando baixar
Quanto gostaria de pagar? (preço PIX)
R$
Criar alerta
* Não enviamos nenhum alerta de preço para produtos da Amazon.
Histórico de preços
* Os preços da Amazon não estão incluídos no gráfico de histórico de preços.
Comentários
Comentar
Nenhum comentário ainda, seja o primeiro!",https://static.meupc.net/produto/gabinete-pichau-pouter-3-pgp03wt-eZp45w-L.jpg,https://meupc.net/peca/VJnQ77/gabinete-pichau-pouter-3-pgp03wt
Gabinete Hayom GB1792 ATX Mid Tower (Preto),"R$ 329,00
1x de R$ 329,00","Add na build
Especificações
Fabricante Hayom
Modelo GB1792
PN
GB1792
Tipo ATX Mid Tower
Formatos de placa-mãe suportados
ATX
Micro ATX
Mini ITX
Fonte inclusa
Potência da fonte inclusa
Painel frontal USB 3.0/3.1
Filtro removível
Janela lateral
USB 2.0 2
USB 3.0 1
Slots de expansão Full-Height 7
Slots de expansão Half-Height 0
Baia externa 5.25"" 0
Baia externa 3.5"" 0
Baia interna 3.5"" 1
Baia interna 2.5"" 2
Tamanho máximo da placa de vídeo 310 mm
Dimensões 310 x 192 x 447 mm
Volume 26.6 litros
Peso
Cor Preto
Cor do LED
Preços
Loja Frete Preço Preço PIX
Grátis R$ 329,00
1x de R$ 329,00 R$ 329,00
Comprar

Ir à loja
* Os preços e a disponibilidade dos produtos estão corretos na data/horário indicados e poderão sofrer alterações. Quaisquer informações de preço e disponibilidade exibidas na Amazon.com.br no momento da compra serão aplicáveis à compra desse produto.
* Podemos receber comissões por compras feitas em lojas participantes vinculadas neste site. Estas comissões não afetam os produtos ou preços exibidos, nem a ordem dos preços listados. Saiba mais aqui.
Está caro? Nós te avisamos quando baixar
Quanto gostaria de pagar? (preço PIX)
R$
Criar alerta
* Não enviamos nenhum alerta de preço para produtos da Amazon.
Histórico de preços
* Os preços da Amazon não estão incluídos no gráfico de histórico de preços.
Comentários
Comentar
Nenhum comentário ainda, seja o primeiro!",https://static.meupc.net/produto/gabinete-hayom-gb1792-gb1792-EFC66G-L.jpg,https://meupc.net/peca/yWUpxl/gabinete-hayom-gb1792-gb1792
Gabinete TGT B110 MicroATX Mid Tower (Preto),"R$ 97,90
1x de R$ 97,90","Add na build
Especificações
Fabricante TGT
Modelo B110
PN
TGT-B110-PR01
Tipo MicroATX Mid Tower
Formatos de placa-mãe suportados
Micro ATX
Mini ITX
Fonte inclusa
Potência da fonte inclusa
Painel frontal USB 3.0/3.1
Filtro removível
Janela lateral
USB 2.0 2
Slots de expansão Full-Height 4
Slots de expansão Half-Height 0
Baia externa 5.25"" 0
Baia externa 3.5"" 0
Baia interna 3.5"" 1
Baia interna 2.5"" 2
Tamanho máximo da placa de vídeo 250 mm
Dimensões 280 x 165 x 350 mm
Volume 16.2 litros
Peso 11.7 kg
Cor Preto
Cor do LED
Preços
Loja Frete Preço Preço PIX
R$ 97,90
1x de R$ 97,90 R$ 97,90
(Última atualização há 2 h)
Comprar

Ir à loja

Ir à loja
* Os preços e a disponibilidade dos produtos estão corretos na data/horário indicados e poderão sofrer alterações. Quaisquer informações de preço e disponibilidade exibidas na Amazon.com.br no momento da compra serão aplicáveis à compra desse produto.
* Podemos receber comissões por compras feitas em lojas participantes vinculadas neste site. Estas comissões não afetam os produtos ou preços exibidos, nem a ordem dos preços listados. Saiba mais aqui.
Está caro? Nós te avisamos quando baixar
Quanto gostaria de pagar? (preço PIX)
R$
Criar alerta
* Não enviamos nenhum alerta de preço para produtos da Amazon.
Histórico de preços
* Os preços da Amazon não estão incluídos no gráfico de histórico de preços.
Comentários
Comentar
Nenhum comentário ainda, seja o primeiro!",https://meupc.net/images/publi/enifler-970x90.png?v=469876829220386552,https://meupc.net/peca/bfA29c/gabinete-tgt-b110-tgtb110pr01
Gabinete Montech X3 MESH ATX Mid Tower (Branco),"R$ 352,82
12x de R$ 29,40","Add na build
Especificações
Fabricante Montech
Modelo X3 MESH
PN
X3 MESH (W)
Tipo ATX Mid Tower
Formatos de placa-mãe suportados
ATX
Micro ATX
Mini ITX
Fonte inclusa
Potência da fonte inclusa
Painel frontal USB 3.0/3.1
Filtro removível
Janela lateral
USB 2.0 2
USB 3.0 1
Slots de expansão Full-Height 7
Slots de expansão Half-Height 0
Baia externa 5.25"" 0
Baia externa 3.5"" 0
Baia interna 3.5"" 1
Baia interna 2.5"" 3
Tamanho máximo da placa de vídeo 305 mm
Dimensões 370 x 210 x 480 mm
Volume 37.3 litros
Peso 7.8 kg
Cor Branco
Cor do LED RGB
Preços
Loja Frete Preço Preço PIX
R$ 352,82
12x de R$ 29,40 R$ 299,90
Comprar
* Os preços e a disponibilidade dos produtos estão corretos na data/horário indicados e poderão sofrer alterações. Quaisquer informações de preço e disponibilidade exibidas na Amazon.com.br no momento da compra serão aplicáveis à compra desse produto.
* Podemos receber comissões por compras feitas em lojas participantes vinculadas neste site. Estas comissões não afetam os produtos ou preços exibidos, nem a ordem dos preços listados. Saiba mais aqui.
Está caro? Nós te avisamos quando baixar
Quanto gostaria de pagar? (preço PIX)
R$
Criar alerta
* Não enviamos nenhum alerta de preço para produtos da Amazon.
Histórico de preços
* Os preços da Amazon não estão incluídos no gráfico de histórico de preços.
Comentários
Comentar
Nenhum comentário ainda, seja o primeiro!",https://meupc.net/images/loja/logo-terabyte.png?v=469876829220386552,https://meupc.net/peca/LG89vG/gabinete-montech-x3-mesh-x3meshw
Gabinete Redragon BlackBird ATX Mid Tower (Branco),"R$ 388,10
10x de R$ 38,81","Add na build
Especificações
Fabricante Redragon
Modelo BlackBird
PN
GC-708WH
Tipo ATX Mid Tower
Formatos de placa-mãe suportados
ATX
Micro ATX
Mini ITX
Fonte inclusa
Potência da fonte inclusa
Painel frontal USB 3.0/3.1
Filtro removível
Janela lateral
USB 2.0 2
USB 3.0 1
Slots de expansão Full-Height 7
Slots de expansão Half-Height 0
Baia externa 5.25"" 0
Baia externa 3.5"" 0
Baia interna 3.5"" 2
Baia interna 2.5"" 2
Tamanho máximo da placa de vídeo 345 mm
Dimensões 474 x 257 x 488 mm
Volume 59.4 litros
Peso 12.5 kg
Cor Branco
Cor do LED RGB
Preços
Loja Frete Preço Preço PIX
R$ 388,10
10x de R$ 38,81 R$ 329,90
Comprar

Ir à loja
* Os preços e a disponibilidade dos produtos estão corretos na data/horário indicados e poderão sofrer alterações. Quaisquer informações de preço e disponibilidade exibidas na Amazon.com.br no momento da compra serão aplicáveis à compra desse produto.
* Podemos receber comissões por compras feitas em lojas participantes vinculadas neste site. Estas comissões não afetam os produtos ou preços exibidos, nem a ordem dos preços listados. Saiba mais aqui.
Está caro? Nós te avisamos quando baixar
Quanto gostaria de pagar? (preço PIX)
R$
Criar alerta
* Não enviamos nenhum alerta de preço para produtos da Amazon.
Histórico de preços
* Os preços da Amazon não estão incluídos no gráfico de histórico de preços.
Comentários
Comentar
Nenhum comentário ainda, seja o primeiro!",https://meupc.net/images/publi/enifler-970x90.png?v=469876829220386552,https://meupc.net/peca/bnd597/gabinete-redragon-blackbird-gc708wh
Gabinete NZXT H5 Flow Compact ATX Mid Tower (Preto),"R$ 764,60
10x de R$ 76,46","Add na build
Especificações
Fabricante NZXT
Modelo H5 Flow Compact
PN
CC-H51FB-01
Tipo ATX Mid Tower
Formatos de placa-mãe suportados
ATX
EATX
Micro ATX
Mini ITX
Fonte inclusa
Potência da fonte inclusa
Painel frontal USB 3.0/3.1
Filtro removível
Janela lateral
USB 3.2 Gen 2 1
USB 3.2 Gen1 1
Slots de expansão Full-Height 7
Slots de expansão Half-Height 0
Baia externa 5.25"" 0
Baia externa 3.5"" 0
Baia interna 3.5"" 1
Baia interna 2.5"" 1
Tamanho máximo da placa de vídeo 365 mm
Dimensões 446 x 227 x 464 mm
Volume 47.0 litros
Peso
Cor Preto
Cor do LED
Preços
Loja Frete Preço Preço PIX
R$ 764,60
10x de R$ 76,46 R$ 649,99
Comprar

Ir à loja

Ir à loja
* Os preços e a disponibilidade dos produtos estão corretos na data/horário indicados e poderão sofrer alterações. Quaisquer informações de preço e disponibilidade exibidas na Amazon.com.br no momento da compra serão aplicáveis à compra desse produto.
* Podemos receber comissões por compras feitas em lojas participantes vinculadas neste site. Estas comissões não afetam os produtos ou preços exibidos, nem a ordem dos preços listados. Saiba mais aqui.
Está caro? Nós te avisamos quando baixar
Quanto gostaria de pagar? (preço PIX)
R$
Criar alerta
* Não enviamos nenhum alerta de preço para produtos da Amazon.
Histórico de preços
* Os preços da Amazon não estão incluídos no gráfico de histórico de preços.
Comentários
Comentar
Nenhum comentário ainda, seja o primeiro!",https://static.meupc.net/produto/gabinete-nzxt-h5-flow-compact-cch51fb01-in23bw-L.jpg,https://meupc.net/peca/SHK36V/gabinete-nzxt-h5-flow-compact-cch51fb01
Gabinete Rise Mode X1 ATX Mid Tower (Branco),"R$ 255,50
10x de R$ 25,55","Add na build
Especificações
Fabricante Rise Mode
Modelo X1
PN
RM-X1-01-FW
Tipo ATX Mid Tower
Formatos de placa-mãe suportados
Micro ATX
Mini ITX
Fonte inclusa
Potência da fonte inclusa
Painel frontal USB 3.0/3.1
Filtro removível
Janela lateral
USB 2.0 2
USB 3.0 1
Slots de expansão Full-Height 4
Slots de expansão Half-Height 0
Baia externa 5.25"" 0
Baia externa 3.5"" 0
Baia interna 3.5"" 1
Baia interna 2.5"" 2
Tamanho máximo da placa de vídeo 330 mm
Dimensões 278 x 210 x 422 mm
Volume 24.6 litros
Peso
Cor Branco
Cor do LED RGB
Preços
Loja Frete Preço Preço PIX
R$ 255,50
10x de R$ 25,55 R$ 229,99
Comprar
* Os preços e a disponibilidade dos produtos estão corretos na data/horário indicados e poderão sofrer alterações. Quaisquer informações de preço e disponibilidade exibidas na Amazon.com.br no momento da compra serão aplicáveis à compra desse produto.
* Podemos receber comissões por compras feitas em lojas participantes vinculadas neste site. Estas comissões não afetam os produtos ou preços exibidos, nem a ordem dos preços listados. Saiba mais aqui.
Está caro? Nós te avisamos quando baixar
Quanto gostaria de pagar? (preço PIX)
R$
Criar alerta
* Não enviamos nenhum alerta de preço para produtos da Amazon.
Histórico de preços
* Os preços da Amazon não estão incluídos no gráfico de histórico de preços.
Comentários
Comentar
Nenhum comentário ainda, seja o primeiro!",https://meupc.net/images/publi/enifler-970x90.png?v=469876829220386552,https://meupc.net/peca/bax4W2/gabinete-rise-mode-x1-rmx101fw
Gabinete Redragon Wideload Extreme ATX Mid Tower (Branco),"R$ 728,20
10x de R$ 72,82","Add na build
Especificações
Fabricante Redragon
Modelo Wideload Extreme
PN
CA-605W
Tipo ATX Mid Tower
Formatos de placa-mãe suportados
ATX
Micro ATX
Mini ITX
Fonte inclusa
Potência da fonte inclusa
Painel frontal USB 3.0/3.1
Filtro removível
Janela lateral
USB 2.0 1
USB 3.0 1
Slots de expansão Full-Height 6
Slots de expansão Half-Height 0
Baia externa 5.25"" 0
Baia externa 3.5"" 0
Baia interna 3.5"" 2
Baia interna 2.5"" 2
Tamanho máximo da placa de vídeo 400 mm
Dimensões 450 x 295 x 390 mm
Volume 51.8 litros
Peso
Cor Branco
Cor do LED RGB
Preços
Loja Frete Preço Preço PIX
R$ 728,20
10x de R$ 72,82 R$ 669,99
Comprar
R$ 789,00
1x de R$ 789,00 R$ 789,00
(Última atualização há 2 h)
Comprar

Ir à loja

Ir à loja

Ir à loja
* Os preços e a disponibilidade dos produtos estão corretos na data/horário indicados e poderão sofrer alterações. Quaisquer informações de preço e disponibilidade exibidas na Amazon.com.br no momento da compra serão aplicáveis à compra desse produto.
* Podemos receber comissões por compras feitas em lojas participantes vinculadas neste site. Estas comissões não afetam os produtos ou preços exibidos, nem a ordem dos preços listados. Saiba mais aqui.
Está caro? Nós te avisamos quando baixar
Quanto gostaria de pagar? (preço PIX)
R$
Criar alerta
* Não enviamos nenhum alerta de preço para produtos da Amazon.
Histórico de preços
* Os preços da Amazon não estão incluídos no gráfico de histórico de preços.
Comentários
Comentar
Nenhum comentário ainda, seja o primeiro!",https://static.meupc.net/produto/gabinete-redragon-wideload-extreme-ca605w-hET35i-L.jpg,https://meupc.net/peca/XEX4M7/gabinete-redragon-wideload-extreme-ca605w
Gabinete Asus ROG Hyperion BTF GR701 ATX Full Tower (Preto),"R$ 3.999,90
10x de R$ 399,99","Add na build
Especificações
Fabricante Asus
Modelo ROG Hyperion BTF GR701
PN
90DC00F0-B30010
Tipo ATX Full Tower
Formatos de placa-mãe suportados
ATX
EATX
Micro ATX
Mini ITX
Fonte inclusa
Potência da fonte inclusa
Painel frontal USB 3.0/3.1
Filtro removível
Janela lateral
USB 3.2 Gen 2x2 Type-C 1
USB 3.2 Gen1 4
USB 3.2 Type-C Gen2 1
Slots de expansão Full-Height 9
Slots de expansão Half-Height 3
Baia externa 5.25"" 0
Baia externa 3.5"" 0
Baia interna 3.5"" 2
Baia interna 2.5"" 5
Tamanho máximo da placa de vídeo 460 mm
Dimensões 639 x 268 x 659 mm
Volume 112.9 litros
Peso
Cor Preto
Cor do LED RGB
Preços
Loja Frete Preço Preço PIX
R$ 3.999,90
10x de R$ 399,99 R$ 3.399,99
Comprar

Ir à loja
* Os preços e a disponibilidade dos produtos estão corretos na data/horário indicados e poderão sofrer alterações. Quaisquer informações de preço e disponibilidade exibidas na Amazon.com.br no momento da compra serão aplicáveis à compra desse produto.
* Podemos receber comissões por compras feitas em lojas participantes vinculadas neste site. Estas comissões não afetam os produtos ou preços exibidos, nem a ordem dos preços listados. Saiba mais aqui.
Está caro? Nós te avisamos quando baixar
Quanto gostaria de pagar? (preço PIX)
R$
Criar alerta
* Não enviamos nenhum alerta de preço para produtos da Amazon.
Histórico de preços
* Os preços da Amazon não estão incluídos no gráfico de histórico de preços.
Comentários
Comentar
Nenhum comentário ainda, seja o primeiro!",https://static.meupc.net/produto/gabinete-asus-rog-hyperion-btf-gr701-90dc00f0-b30010-jjC745-L.jpg,https://meupc.net/peca/1qJebe/gabinete-asus-rog-hyperion-btf-gr701-90dc00f0-b30010
Gabinete Montech Air 903 Base ATX Mid Tower (Preto),"Último menor preço praticado: R$ 470,47 (R$ 399,90 no PIX) em 17/06/2025 por Terabyte.","Add na build
Especificações
Fabricante Montech
Modelo Air 903 Base
PN
AIR 903 BASE (B)
Tipo ATX Mid Tower
Formatos de placa-mãe suportados
ATX
EATX
Micro ATX
Mini ITX
Fonte inclusa
Potência da fonte inclusa
Painel frontal USB 3.0/3.1
Filtro removível
Janela lateral
USB 3.0 2
USB 3.0 Type-C 1
Slots de expansão Full-Height 7
Slots de expansão Half-Height 0
Baia externa 5.25"" 0
Baia externa 3.5"" 0
Baia interna 3.5"" 2
Baia interna 2.5"" 5
Tamanho máximo da placa de vídeo 400 mm
Dimensões 478 x 230 x 493 mm
Volume 54.2 litros
Peso
Cor Preto
Cor do LED
Preços
Produto indisponível atualmente
Último menor preço praticado: R$ 470,47 (R$ 399,90 no PIX) em 17/06/2025 por Terabyte.
Loja Frete Preço Preço PIX

Ir à loja
* Os preços e a disponibilidade dos produtos estão corretos na data/horário indicados e poderão sofrer alterações. Quaisquer informações de preço e disponibilidade exibidas na Amazon.com.br no momento da compra serão aplicáveis à compra desse produto.
* Podemos receber comissões por compras feitas em lojas participantes vinculadas neste site. Estas comissões não afetam os produtos ou preços exibidos, nem a ordem dos preços listados. Saiba mais aqui.
Nós te avisamos quando voltarem os estoques
Quanto gostaria de pagar? (preço PIX)
R$
Criar alerta
* Não enviamos nenhum alerta de preço para produtos da Amazon.
Histórico de preços
* Os preços da Amazon não estão incluídos no gráfico de histórico de preços.
Comentários
Comentar
Nenhum comentário ainda, seja o primeiro!",https://meupc.net/images/publi/enifler-970x90.png?v=469876829220386552,https://meupc.net/peca/ru3Ln2/gabinete-montech-air-903-base-air903baseb
Gabinete AeroCool Trinity Mini V1 MicroATX Mini Tower (Preto),"R$ 250,90
1x de R$ 250,90","Add na build
Especificações
Fabricante AeroCool
Modelo Trinity Mini V1
PN
73880
Trinity Mini V1 Black
Trinity Mini V1 Preto
Tipo MicroATX Mini Tower
Formatos de placa-mãe suportados
Micro ATX
Mini ITX
Fonte inclusa
Potência da fonte inclusa
Painel frontal USB 3.0/3.1
Filtro removível
Janela lateral
USB 2.0 1
USB 3.0 2
Slots de expansão Full-Height 4
Slots de expansão Half-Height 0
Baia externa 5.25"" 0
Baia externa 3.5"" 0
Baia interna 3.5"" 2
Baia interna 2.5"" 3
Tamanho máximo da placa de vídeo 297 mm
Dimensões 300 x 200 x 375 mm
Volume 22.5 litros
Peso 9.0 kg
Cor Preto
Cor do LED
Preços
Loja Frete Preço Preço PIX
R$ 250,90
1x de R$ 250,90 R$ 250,90
(Última atualização há 2 h)
Comprar
Grátis R$ 291,81
1x de R$ 291,81 R$ 291,81
Comprar
* Os preços e a disponibilidade dos produtos estão corretos na data/horário indicados e poderão sofrer alterações. Quaisquer informações de preço e disponibilidade exibidas na Amazon.com.br no momento da compra serão aplicáveis à compra desse produto.
* Podemos receber comissões por compras feitas em lojas participantes vinculadas neste site. Estas comissões não afetam os produtos ou preços exibidos, nem a ordem dos preços listados. Saiba mais aqui.
Está caro? Nós te avisamos quando baixar
Quanto gostaria de pagar? (preço PIX)
R$
Criar alerta
* Não enviamos nenhum alerta de preço para produtos da Amazon.
Histórico de preços
* Os preços da Amazon não estão incluídos no gráfico de histórico de preços.
Comentários
Comentar
Nenhum comentário ainda, seja o primeiro!",https://static.meupc.net/produto/gabinete-aerocool-trinity-mini-v1-trinityminiv1-kt8JN5-L.jpg,https://meupc.net/peca/c79pTB/gabinete-aerocool-trinity-mini-v1-trinityminiv1
Gabinete Husky Dome 100 ATX Mid Tower (Preto),"Último menor preço praticado: R$ 231,39 (R$ 219,90 no PIX) em 21/06/2025 por Kabum.","Add na build
Especificações
Fabricante Husky
Modelo Dome 100
PN
HGN100PT
Tipo ATX Mid Tower
Formatos de placa-mãe suportados
ATX
Micro ATX
Mini ITX
Fonte inclusa
Potência da fonte inclusa
Painel frontal USB 3.0/3.1
Filtro removível
Janela lateral
USB 2.0 2
USB 3.0 1
Slots de expansão Full-Height 7
Slots de expansão Half-Height 0
Baia externa 5.25"" 0
Baia externa 3.5"" 0
Baia interna 3.5"" 1
Baia interna 2.5"" 2
Tamanho máximo da placa de vídeo 305 mm
Dimensões 367 x 216 x 465 mm
Volume 36.9 litros
Peso
Cor Preto
Cor do LED
Preços
Produto indisponível atualmente
Último menor preço praticado: R$ 231,39 (R$ 219,90 no PIX) em 21/06/2025 por Kabum.
Loja Frete Preço Preço PIX

Ir à loja
* Os preços e a disponibilidade dos produtos estão corretos na data/horário indicados e poderão sofrer alterações. Quaisquer informações de preço e disponibilidade exibidas na Amazon.com.br no momento da compra serão aplicáveis à compra desse produto.
* Podemos receber comissões por compras feitas em lojas participantes vinculadas neste site. Estas comissões não afetam os produtos ou preços exibidos, nem a ordem dos preços listados. Saiba mais aqui.
Nós te avisamos quando voltarem os estoques
Quanto gostaria de pagar? (preço PIX)
R$
Criar alerta
* Não enviamos nenhum alerta de preço para produtos da Amazon.
Histórico de preços
* Os preços da Amazon não estão incluídos no gráfico de histórico de preços.
Comentários
Comentar
Nenhum comentário ainda, seja o primeiro!",https://meupc.net/images/publi/enifler-970x90.png?v=469876829220386552,https://meupc.net/peca/2sX6eZ/gabinete-husky-dome-100-hgn100pt
Gabinete Liketec Heydar Dark ATX Mid Tower (Preto),"R$ 199,88
9x de R$ 22,21","Add na build
Especificações
Fabricante Liketec
Modelo Heydar Dark
PN
LC-CB-HEYDAR-2084
Tipo ATX Mid Tower
Formatos de placa-mãe suportados
ATX
Micro ATX
Mini ITX
Fonte inclusa
Potência da fonte inclusa
Painel frontal USB 3.0/3.1
Filtro removível
Janela lateral
USB 2.0 2
Slots de expansão Full-Height 7
Slots de expansão Half-Height 0
Baia externa 5.25"" 0
Baia externa 3.5"" 0
Baia interna 3.5"" 2
Baia interna 2.5"" 1
Tamanho máximo da placa de vídeo 305 mm
Dimensões 335 x 193 x 445 mm
Volume 28.8 litros
Peso
Cor Preto
Cor do LED
Preços
Loja Frete Preço Preço PIX
R$ 199,88
9x de R$ 22,21 R$ 169,90
Comprar

Ir à loja

Ir à loja
* Os preços e a disponibilidade dos produtos estão corretos na data/horário indicados e poderão sofrer alterações. Quaisquer informações de preço e disponibilidade exibidas na Amazon.com.br no momento da compra serão aplicáveis à compra desse produto.
* Podemos receber comissões por compras feitas em lojas participantes vinculadas neste site. Estas comissões não afetam os produtos ou preços exibidos, nem a ordem dos preços listados. Saiba mais aqui.
Está caro? Nós te avisamos quando baixar
Quanto gostaria de pagar? (preço PIX)
R$
Criar alerta
* Não enviamos nenhum alerta de preço para produtos da Amazon.
Histórico de preços
* Os preços da Amazon não estão incluídos no gráfico de histórico de preços.
Comentários
Comentar
Nenhum comentário ainda, seja o primeiro!",https://static.meupc.net/produto/gabinete-liketec-heydar-dark-lc-cb-heydar-2084-Eu4nv8-L.jpg,https://meupc.net/peca/jDIOA4/gabinete-liketec-heydar-dark-lc-cb-heydar-2084
