nome,url
Asus TUF GAMING B760M-PLUS D4,https://meupc.net/peca/N2v6b6/placa-mae-asus-tuf-gaming-b760m-plus-d4
Gigabyte B550M K,https://meupc.net/peca/bm3u9J/placa-mae-gigabyte-b550m-k
MSI A520M-A PRO,https://meupc.net/peca/JxQ6C4/placa-mae-msi-a520m-a-pro
Gigabyte B550M Aorus Elite,https://meupc.net/peca/tao7S8/placa-mae-gigabyte-b550m-aorus-elite
Gigabyte B450M Gaming,https://meupc.net/peca/dE2b2w/placa-mae-gigabyte-b450m-gaming-amd-am4-matx-ddr4-rev-10
Asus TUF Gaming A520M-Plus,https://meupc.net/peca/UMx2r9/placa-mae-asus-tuf-gaming-a520m-plus
MSI B550M PRO-VDH WIFI,https://meupc.net/peca/dbZ3H5/placa-mae-msi-b550m-pro-vdh-wifi
Gigabyte B650M GAMING WIFI,https://meupc.net/peca/YpB0Sl/placa-mae-gigabyte-b650-gaming-wifi
Asus TUF GAMING B550M-PLUS,https://meupc.net/peca/vGu3B8/placa-mae-asus-tuf-gaming-b550m-plus
ASRock B450M Steel Legend,https://meupc.net/peca/kLU88r/placa-mae-asrock-b450m-steel-legend
Gigabyte B650M H Micro ATX,https://meupc.net/peca/Qhj8hl/placa-mae-gigabyte-b650m-h-micro-atx
Asus TUF Gaming B650M Plus,https://meupc.net/peca/6dwFa2/placa-mae-asus-tuf-gaming-b650m-plus
Asus TUF GAMING B650M-E WIFI,https://meupc.net/peca/gbdGfn/placa-mae-asus-tuf-gaming-b650m-e-wifi
Asus Prime A520M-K,https://meupc.net/peca/Eas8x8/placa-mae-asus-prime-a520m-k
MSI MPG B550 GAMING PLUS,https://meupc.net/peca/baa56M/placa-mae-msi-mpg-b550-gaming-plus
MSI PRO A620M-E,https://meupc.net/peca/w5fBN7/placa-mae-msi-pro-a620m-e
Gigabyte A520 K V2 Micro,https://meupc.net/peca/qGM65s/placa-mae-gigabyte-a520-k-v2-micro
ASRock A520M-HVS,https://meupc.net/peca/Kz2jz2/placa-mae-asrock-a520m-hvs
Asus TUF GAMING B450M-PLUS II,https://meupc.net/peca/Bm7e7V/placa-mae-asus-tuf-gaming-b450m-plus-ii
Gigabyte B760M AORUS ELITE,https://meupc.net/peca/wQV2C6/placa-mae-gigabyte-b760m-aorus-elite
ASRock B450M-HDV R4.0,https://meupc.net/peca/2GNN2p/placa-mae-asrock-b450m-hdv-r40
Asus TUF GAMING X670E-PLUS,https://meupc.net/peca/doPn64/placa-mae-asus-tuf-gaming-x670e-plus
Asus TUF GAMING A620M-PLUS,https://meupc.net/peca/boqs32/placa-mae-asus-tuf-gaming-a620m-plus
Asus PRIME B550M-A,https://meupc.net/peca/hVp2Y3/placa-mae-asus-prime-b550m-a
MSI PRO B760M-P,https://meupc.net/peca/F34g9B/placa-mae-msi-pro-b760m-p
MSI A320M-A PRO,https://meupc.net/peca/wPK36h/placa-mae-msi-a320m-a-pro
Gigabyte B650M AORUS ELITE,https://meupc.net/peca/bad97n/placa-mae-gigabyte-b650m-aorus-elite
Gigabyte B550M DS3H,https://meupc.net/peca/s33Gbt/placa-mae-gigabyte-b550m-ds3h
ASRock B650M-HDV,https://meupc.net/peca/93naaD/placa-mae-asrock-b650m-hdv
ASRock H610M-HVS,https://meupc.net/peca/T2dk5v/placa-mae-asrock-h610m-hvs
Colorful B550 Frozen V14,https://meupc.net/peca/M5jM7o/placa-mae-colorful-b550-frozen-v14
MSI MEG X670E GODLIKE,https://meupc.net/peca/fAW96y/placa-mae-msi-meg-x670e-godlike
Asus TUF GAMING A520M-PLUS,https://meupc.net/peca/go9Sf2/placa-mae-asus-tuf-gaming-a520m-plus
MSI PRO H610M-G DDR4,https://meupc.net/peca/E5j2Yd/placa-mae-msi-pro-h610m-g-ddr4
Gigabyte GA-B75M-D3H,https://meupc.net/peca/hAzt93/placa-mae-gigabyte-ga-b75m-d3h
MSI PRO B650M-P,https://meupc.net/peca/baNT63/placa-mae-msi-pro-b650m-p
Asus B760 TUF GAMING PLUS WIFI II,https://meupc.net/peca/MK67AM/placa-mae-asus-b760-tuf-gaming-plus-wifi-ii
ASRock B650M PG RIPTIDE,https://meupc.net/peca/bab62u/placa-mae-asrock-b650m-pg-riptide
MSI B550M-A PRO,https://meupc.net/peca/Yg8W2s/placa-mae-msi-b550m-a-pro
ASRock B550M Steel Legend,https://meupc.net/peca/6F3rnp/placa-mae-asrock-b550m-steel-legend
Gigabyte GA-H81M-S2PH,https://meupc.net/peca/yH66x5/placa-mae-gigabyte-ga-h81m-s2ph
Asus PRIME H510M-K,https://meupc.net/peca/2LV95N/placa-mae-asus-prime-h510m-k
Gigabyte B760M GAMING WIFI,https://meupc.net/peca/OjzfqL/placa-mae-gigabyte-b760m-gaming-wifi
Gigabyte B650M D3HP Micro,https://meupc.net/peca/wIv58e/placa-mae-gigabyte-b650m-d3hp-micro
Gigabyte B550 AORUS ELITE,https://meupc.net/peca/bj43Bu/placa-mae-gigabyte-b550-aorus-elite
Asus PRIME X399-A,https://meupc.net/peca/jEF9P4/placa-mae-asus-prime-x399-a
Asus TUF GAMING B650M-PLUS WIFI,https://meupc.net/peca/mDe99E/placa-mae-asus-tuf-gaming-b650m-plus-wifi
Asus ROG CROSSHAIR X670E HERO,https://meupc.net/peca/bf49pc/placa-mae-asus-rog-crosshair-x670e-hero
Gigabyte A620M DS3H,https://meupc.net/peca/JrD8B9/placa-mae-gigabyte-a620m-ds3h
Asus H81M-A/BR,https://meupc.net/peca/bPcegP/placa-mae-asus-h81m-abr
Asus Z790 TUF GAMING PLUS WIFI,https://meupc.net/peca/tn2ad4/placa-mae-asus-z790-tuf-gaming-plus-wifi
